-- MySQL dump 10.13  Distrib 8.0.17, for Win64 (x86_64)
--
-- Host: localhost    Database: salesdwh
-- ------------------------------------------------------
-- Server version	8.0.17

/*!40101 SET @OLD_CHARACTER_SET_CLIENT=@@CHARACTER_SET_CLIENT */;
/*!40101 SET @OLD_CHARACTER_SET_RESULTS=@@CHARACTER_SET_RESULTS */;
/*!40101 SET @OLD_COLLATION_CONNECTION=@@COLLATION_CONNECTION */;
/*!50503 SET NAMES utf8 */;
/*!40103 SET @OLD_TIME_ZONE=@@TIME_ZONE */;
/*!40103 SET TIME_ZONE='+00:00' */;
/*!40014 SET @OLD_UNIQUE_CHECKS=@@UNIQUE_CHECKS, UNIQUE_CHECKS=0 */;
/*!40014 SET @OLD_FOREIGN_KEY_CHECKS=@@FOREIGN_KEY_CHECKS, FOREIGN_KEY_CHECKS=0 */;
/*!40101 SET @OLD_SQL_MODE=@@SQL_MODE, SQL_MODE='NO_AUTO_VALUE_ON_ZERO' */;
/*!40111 SET @OLD_SQL_NOTES=@@SQL_NOTES, SQL_NOTES=0 */;

--
-- Table structure for table `city`
--

DROP TABLE IF EXISTS `city`;
/*!40101 SET @saved_cs_client     = @@character_set_client */;
/*!50503 SET character_set_client = utf8mb4 */;
CREATE TABLE `city` (
  `CityID` int(11) NOT NULL AUTO_INCREMENT,
  `Name` varchar(45) NOT NULL,
  `StateID` int(11) DEFAULT NULL,
  PRIMARY KEY (`CityID`),
  KEY `fk_City_State1_idx` (`StateID`),
  CONSTRAINT `fk_City_State` FOREIGN KEY (`StateID`) REFERENCES `state` (`StateID`)
) ENGINE=InnoDB AUTO_INCREMENT=75 DEFAULT CHARSET=utf8mb4 COLLATE=utf8mb4_0900_ai_ci;
/*!40101 SET character_set_client = @saved_cs_client */;

--
-- Dumping data for table `city`
--

LOCK TABLES `city` WRITE;
/*!40000 ALTER TABLE `city` DISABLE KEYS */;
INSERT INTO `city` VALUES (1,'NYC',1),(2,'Reims',2),(3,'Paris',2),(4,'Pasadena',3),(5,'San Francisco',3),(6,'Burlingame',3),(7,'Lille',2),(8,'Bergen',4),(9,'Melbourne',5),(10,'Newark',6),(11,'Bridgewater',7),(12,'Nantes',2),(13,'Cambridge',8),(14,'Helsinki',9),(15,'Stavern',4),(16,'Allentown',10),(17,'Salzburg',11),(18,'Chatswood',12),(19,'New Bedford',8),(20,'Liverpool',13),(21,'Madrid',14),(22,'Lule',15),(23,'Singapore',16),(24,'South Brisbane',17),(25,'Philadelphia',10),(26,'Lyon',2),(27,'Vancouver',18),(28,'Burbank',3),(29,'New Haven',7),(30,'Minato-ku',19),(31,'Torino',20),(32,'Boras',15),(33,'Versailles',2),(34,'San Rafael',3),(35,'Nashua',21),(36,'Brickhaven',8),(37,'North Sydney',12),(38,'Montreal',22),(39,'Osaka',23),(40,'White Plains',1),(41,'Kobenhavn',24),(42,'London',13),(43,'Toulouse',2),(44,'Barcelona',14),(45,'Los Angeles',3),(46,'San Diego',3),(47,'Bruxelles',25),(48,'Tsawassen',18),(49,'Boston',8),(50,'Cowes',26),(51,'Oulu',9),(52,'San Jose',3),(53,'Graz',11),(54,'Makati City',27),(55,'Marseille',2),(56,'Koln',28),(57,'Gensve',29),(58,'Reggio Emilia',20),(59,'Frankfurt',28),(60,'Espoo',9),(61,'Dublin',30),(62,'Manchester',13),(63,'Aaarhus',24),(64,'Glendale',3),(65,'Sevilla',14),(66,'Brisbane',3),(67,'Strasbourg',2),(68,'Las Vegas',31),(69,'Oslo',4),(70,'Bergamo',20),(71,'Glen Waverly',5),(72,'Glendale',7),(73,'Munich',28),(74,'Charleroi',25);
/*!40000 ALTER TABLE `city` ENABLE KEYS */;
UNLOCK TABLES;

--
-- Table structure for table `country`
--

DROP TABLE IF EXISTS `country`;
/*!40101 SET @saved_cs_client     = @@character_set_client */;
/*!50503 SET character_set_client = utf8mb4 */;
CREATE TABLE `country` (
  `CountryID` int(11) NOT NULL AUTO_INCREMENT,
  `Name` varchar(45) NOT NULL,
  `TerritoryID` int(11) DEFAULT NULL,
  PRIMARY KEY (`CountryID`),
  UNIQUE KEY `Name_UNIQUE` (`Name`),
  KEY `fk_Country_Territory_idx` (`TerritoryID`),
  CONSTRAINT `fk_Country_Territory` FOREIGN KEY (`TerritoryID`) REFERENCES `territory` (`TerritoryID`)
) ENGINE=InnoDB AUTO_INCREMENT=20 DEFAULT CHARSET=utf8mb4 COLLATE=utf8mb4_0900_ai_ci;
/*!40101 SET character_set_client = @saved_cs_client */;

--
-- Dumping data for table `country`
--

LOCK TABLES `country` WRITE;
/*!40000 ALTER TABLE `country` DISABLE KEYS */;
INSERT INTO `country` VALUES (1,'USA',1),(2,'France',2),(3,'Norway',2),(4,'Australia',3),(5,'Finland',2),(6,'Austria',2),(7,'UK',2),(8,'Spain',2),(9,'Sweden',2),(10,'Singapore',3),(11,'Canada',1),(12,'Japan',3),(13,'Italy',2),(14,'Denmark',2),(15,'Belgium',2),(16,'Philippines',3),(17,'Germany',2),(18,'Switzerland',2),(19,'Ireland',2);
/*!40000 ALTER TABLE `country` ENABLE KEYS */;
UNLOCK TABLES;

--
-- Table structure for table `customer`
--

DROP TABLE IF EXISTS `customer`;
/*!40101 SET @saved_cs_client     = @@character_set_client */;
/*!50503 SET character_set_client = utf8mb4 */;
CREATE TABLE `customer` (
  `CustomerID` int(11) NOT NULL AUTO_INCREMENT,
  `Name` varchar(45) NOT NULL,
  `PostalCode` varchar(45) DEFAULT NULL,
  `RepName` varchar(45) NOT NULL,
  `CityName` varchar(45) NOT NULL,
  PRIMARY KEY (`CustomerID`)
) ENGINE=InnoDB AUTO_INCREMENT=93 DEFAULT CHARSET=utf8mb4 COLLATE=utf8mb4_0900_ai_ci;
/*!40101 SET character_set_client = @saved_cs_client */;

--
-- Dumping data for table `customer`
--

LOCK TABLES `customer` WRITE;
/*!40000 ALTER TABLE `customer` DISABLE KEYS */;
INSERT INTO `customer` VALUES (1,'Land of Toys Inc.','10022','Kwai Yu','NYC'),(2,'Reims Collectables','51100','Paul Henriot','Reims'),(3,'Lyon Souveniers','75508','Daniel Da Cunha','Paris'),(4,'Toys4GrownUps.com','90003','Julie Young','Pasadena'),(5,'Corporate Gift Ideas Co.','','Julie Brown','San Francisco'),(6,'Technics Stores Inc.','94217','Juri Hirano','Burlingame'),(7,'Daedalus Designs Imports','59000','Martine Rance','Lille'),(8,'Herkku Gifts','N 5804','Veysel Oeztan','Bergen'),(9,'Mini Wheels Co.','','Julie Murphy','San Francisco'),(10,'Auto Canal Petit','75016','Dominique Perrier','Paris'),(11,'Australian Collectors, Co.','3004','Peter Ferguson','Melbourne'),(12,'Vitachrome Inc.','10022','Michael Frick','NYC'),(13,'Tekni Collectables Inc.','94019','William Brown','Newark'),(14,'Gift Depot Inc.','97562','Julie King','Bridgewater'),(15,'La Rochelle Gifts','44000','Janine Labrune','Nantes'),(16,'Marta\'s Replicas Co.','51247','Marta Hernandez','Cambridge'),(17,'Toys of Finland, Co.','21240','Matti Karttunen','Helsinki'),(18,'Baane Mini Imports','4110','Jonas Bergulfsen','Stavern'),(19,'Diecast Classics Inc.','70267','Kyung Yu','Allentown'),(20,'Salzburg Collectables','5020','Georg Pipps','Salzburg'),(21,'Souveniers And Things Co.','2067','Adrian Huxley','Chatswood'),(22,'FunGiftIdeas.com','50553','Violeta Benitez','New Bedford'),(23,'UK Collectables, Ltd.','WX1 6LT','Elizabeth Devon','Liverpool'),(24,'Euro Shopping Channel','28034','Diego Freyre','Madrid'),(25,'Volvo Model Replicas, Co','S-958 22','Christina Berglund','Lule'),(26,'Corrida Auto Replicas, Ltd','28023','Mart¡n Sommer','Madrid'),(27,'Dragon Souveniers, Ltd.','79903','Eric Natividad','Singapore'),(28,'Classic Legends Inc.','10022','Maria Hernandez','NYC'),(29,'Australian Gift Network, Co','4101','Tony Calaghan','South Brisbane'),(30,'Classic Gift Ideas, Inc','71270','Francisca Cervantes','Philadelphia'),(31,'Saveley & Henriot, Co.','69004','Mary Saveley','Lyon'),(32,'Canadian Gift Exchange Network','V3F 2K1','Yoshi Tannamuri','Vancouver'),(33,'West Coast Collectables Co.','94019','Steve Thompson','Burbank'),(34,'Cambridge Collectables Co.','51247','Kyung Tseng','Cambridge'),(35,'Super Scale Inc.','97823','Leslie Murphy','New Haven'),(36,'Tokyo Collectables, Ltd','106-0032','Akiko Shimamura','Minato-ku'),(37,'Amica Models & Co.','10100','Paolo Accorti','Torino'),(38,'Scandinavian Gift Ideas','S-844 67','Maria Larsson','Boras'),(39,'Auto Assoc. & Cie.','78000','Daniel Tonini','Versailles'),(40,'Mini Gifts Distributors Ltd.','97562','Valarie Nelson','San Rafael'),(41,'Online Diecast Creations Co.','62005','Valarie Young','Nashua'),(42,'Collectables For Less Inc.','58339','Allen Nelson','Brickhaven'),(43,'Anna\'s Decorations, Ltd','2060','Anna O\'Hara','North Sydney'),(44,'Quebec Home Shopping Network','H1J 1C3','Jean Fresnisre','Montreal'),(45,'Osaka Souveniers Co.','530-0003','Mory Kentary','Osaka'),(46,'Motor Mint Distributors Inc.','71270','Rosa Hernandez','Philadelphia'),(47,'Atelier graphique','44000','Carine Schmitt','Nantes'),(48,'Mini Classics','24067','Steve Frick','White Plains'),(49,'Danish Wholesale Imports','1734','Jytte Petersen','Kobenhavn'),(50,'Stylish Desk Decors, Co.','WX3 6FW','Ann Brown','London'),(51,'Mini Creations Ltd.','50553','Wing C Tam','New Bedford'),(52,'Alpha Cognac','31000','Annette Roulet','Toulouse'),(53,'Double Decker Gift Stores, Ltd','WA1 1DP','Thomas Hardy','London'),(54,'Enaco Distributors','8022','Eduardo Saavedra','Barcelona'),(55,'Men \'R\' US Retailers, Ltd.','','Michael Chandler','Los Angeles'),(56,'Collectable Mini Designs Co.','91217','Valarie Thompson','San Diego'),(57,'Petit Auto','B-1180','Catherine Dewey','Bruxelles'),(58,'Royal Canadian Collectables, Ltd.','T2F 8M4','Elizabeth Lincoln','Tsawassen'),(59,'Gifts4AllAges.com','51003','Juri Yoshido','Boston'),(60,'giftsbymail.co.uk','PO31 7PJ','Helen Bennett','Cowes'),(61,'Oulu Toy Supplies, Inc.','90110','Pirkko Koskitalo','Oulu'),(62,'The Sharp Gifts Warehouse','94217','Sue Frick','San Jose'),(63,'La Corne D\'abondance, Co.','75012','Marie Bertrand','Paris'),(64,'Mini Auto Werke','8010','Roland Mendel','Graz'),(65,'Diecast Collectables','51003','Valarie Franco','Boston'),(66,'Handji Gifts& Co','69045','Wendy Victorino','Singapore'),(67,'Cruz & Sons Co.','1227 MM','Arnold Cruz','Makati City'),(68,'Marseille Mini Autos','13008','Laurence Lebihan','Marseille'),(69,'Toms Spezialitten, Ltd','50739','Henriette Pfalzheim','Koln'),(70,'Vida Sport, Ltd','1203','Michael Holz','Gensve'),(71,'L\'ordine Souveniers','42100','Maurizio Moroni','Reggio Emilia'),(72,'Online Mini Collectables','58339','Miguel Barajas','Brickhaven'),(73,'Blauer See Auto, Co.','60528','Roland Keitel','Frankfurt'),(74,'Suominen Souveniers','FIN-02271','Kalle Suominen','Espoo'),(75,'Muscle Machine Inc','10022','Jeff Young','NYC'),(76,'Clover Collections, Co.','2','Dean Cassidy','Dublin'),(77,'CAF Imports','28023','Jesus Fernandez','Madrid'),(78,'AV Stores, Co.','EC2 5NT','Victoria Ashworth','Manchester'),(79,'Heintze Collectables','8200','Palle Ibsen','Aaarhus'),(80,'Microscale Inc.','10022','Kee Kuo','NYC'),(81,'Boards & Toys Co.','92561','Leslie Young','Glendale'),(82,'Iberia Gift Imports, Corp.','41101','Jose Pedro Roel','Sevilla'),(83,'Signal Collectibles Ltd.','94217','Sue Taylor','Brisbane'),(84,'Mini Caravy','67000','Frederique Citeaux','Strasbourg'),(85,'Signal Gift Stores','83030','Sue King','Las Vegas'),(86,'Norway Gifts By Mail, Co.','N 0106','Jan Klaeboe','Oslo'),(87,'Rovelli Gifts','24100','Giovanni Rovelli','Bergamo'),(88,'Australian Collectables, Ltd','3150','Sean Connery','Glen Waverly'),(89,'Gift Ideas Corp.','97561','Dan Lewis','Glendale'),(90,'Bavarian Collectables Imports, Co.','80686','Michael Donnermeyer','Munich'),(91,'Royale Belge','B-6000','Pascale Cartrain','Charleroi'),(92,'Auto-Moto Classics Inc.','58339','Leslie Taylor','Brickhaven');
/*!40000 ALTER TABLE `customer` ENABLE KEYS */;
UNLOCK TABLES;

--
-- Table structure for table `months`
--

DROP TABLE IF EXISTS `months`;
/*!40101 SET @saved_cs_client     = @@character_set_client */;
/*!50503 SET character_set_client = utf8mb4 */;
CREATE TABLE `months` (
  `MonthID` int(11) NOT NULL AUTO_INCREMENT,
  `MonthVal` varchar(45) NOT NULL,
  `QuarterID` int(11) NOT NULL,
  PRIMARY KEY (`MonthID`),
  KEY `fk_Month_Quarter1_idx` (`QuarterID`),
  CONSTRAINT `fk_Month_Quarter1` FOREIGN KEY (`QuarterID`) REFERENCES `quarters` (`QuarterID`)
) ENGINE=InnoDB AUTO_INCREMENT=30 DEFAULT CHARSET=utf8mb4 COLLATE=utf8mb4_0900_ai_ci;
/*!40101 SET character_set_client = @saved_cs_client */;

--
-- Dumping data for table `months`
--

LOCK TABLES `months` WRITE;
/*!40000 ALTER TABLE `months` DISABLE KEYS */;
INSERT INTO `months` VALUES (1,'2',1),(2,'5',2),(3,'7',3),(4,'8',3),(5,'10',4),(6,'11',4),(7,'12',4),(8,'1',5),(9,'2',5),(10,'4',6),(11,'5',6),(12,'6',6),(13,'7',7),(14,'8',7),(15,'9',7),(16,'10',8),(17,'11',8),(18,'12',8),(19,'2',9),(20,'3',9),(21,'4',10),(22,'5',10),(23,'1',1),(24,'3',1),(25,'9',3),(26,'3',5),(27,'1',9),(28,'4',2),(29,'6',2);
/*!40000 ALTER TABLE `months` ENABLE KEYS */;
UNLOCK TABLES;

--
-- Table structure for table `orderdate`
--

DROP TABLE IF EXISTS `orderdate`;
/*!40101 SET @saved_cs_client     = @@character_set_client */;
/*!50503 SET character_set_client = utf8mb4 */;
CREATE TABLE `orderdate` (
  `OrderDateID` int(11) NOT NULL AUTO_INCREMENT,
  `Date` datetime NOT NULL,
  `MonthID` int(11) NOT NULL,
  PRIMARY KEY (`OrderDateID`),
  KEY `fk_OrderDate_Month1_idx` (`MonthID`),
  CONSTRAINT `fk_OrderDate_Month1` FOREIGN KEY (`MonthID`) REFERENCES `months` (`MonthID`)
) ENGINE=InnoDB AUTO_INCREMENT=253 DEFAULT CHARSET=utf8mb4 COLLATE=utf8mb4_0900_ai_ci;
/*!40101 SET character_set_client = @saved_cs_client */;

--
-- Dumping data for table `orderdate`
--

LOCK TABLES `orderdate` WRITE;
/*!40000 ALTER TABLE `orderdate` DISABLE KEYS */;
INSERT INTO `orderdate` VALUES (1,'2003-02-24 00:00:00',1),(2,'2003-05-07 00:00:00',2),(3,'2003-07-01 00:00:00',3),(4,'2003-08-25 00:00:00',4),(5,'2003-10-10 00:00:00',5),(6,'2003-10-28 00:00:00',5),(7,'2003-11-11 00:00:00',6),(8,'2003-11-18 00:00:00',6),(9,'2003-12-01 00:00:00',7),(10,'2004-01-15 00:00:00',8),(11,'2004-02-20 00:00:00',9),(12,'2004-04-05 00:00:00',10),(13,'2004-05-18 00:00:00',11),(14,'2004-06-28 00:00:00',12),(15,'2004-07-23 00:00:00',13),(16,'2004-08-27 00:00:00',14),(17,'2004-09-30 00:00:00',15),(18,'2004-10-15 00:00:00',16),(19,'2004-11-02 00:00:00',17),(20,'2004-11-15 00:00:00',17),(21,'2004-11-24 00:00:00',17),(22,'2004-12-17 00:00:00',18),(23,'2005-02-03 00:00:00',19),(24,'2005-03-03 00:00:00',20),(25,'2005-04-08 00:00:00',21),(26,'2005-05-13 00:00:00',22),(27,'2003-01-29 00:00:00',23),(28,'2003-03-24 00:00:00',24),(29,'2003-05-28 00:00:00',2),(30,'2003-07-24 00:00:00',3),(31,'2003-09-19 00:00:00',25),(32,'2003-10-20 00:00:00',5),(33,'2003-11-06 00:00:00',6),(34,'2003-11-13 00:00:00',6),(35,'2003-11-25 00:00:00',6),(36,'2003-12-05 00:00:00',7),(37,'2004-01-29 00:00:00',8),(38,'2004-03-10 00:00:00',26),(39,'2004-05-04 00:00:00',11),(40,'2004-06-15 00:00:00',12),(41,'2004-07-19 00:00:00',13),(42,'2004-08-17 00:00:00',14),(43,'2004-09-08 00:00:00',15),(44,'2004-10-11 00:00:00',16),(45,'2004-10-21 00:00:00',16),(46,'2004-11-04 00:00:00',17),(47,'2004-11-18 00:00:00',17),(48,'2004-11-29 00:00:00',17),(49,'2004-12-10 00:00:00',18),(50,'2005-01-20 00:00:00',27),(51,'2005-02-17 00:00:00',19),(52,'2005-03-09 00:00:00',20),(53,'2005-05-01 00:00:00',22),(54,'2005-05-31 00:00:00',22),(55,'2003-04-29 00:00:00',28),(56,'2004-01-12 00:00:00',8),(57,'2004-04-03 00:00:00',10),(58,'2004-09-27 00:00:00',15),(59,'2004-11-23 00:00:00',17),(60,'2005-02-02 00:00:00',19),(61,'2005-04-07 00:00:00',21),(62,'2005-01-05 00:00:00',27),(63,'2003-02-11 00:00:00',1),(64,'2003-04-28 00:00:00',28),(65,'2003-06-12 00:00:00',29),(66,'2003-08-10 00:00:00',4),(67,'2003-10-06 00:00:00',5),(68,'2003-10-23 00:00:00',5),(69,'2003-11-08 00:00:00',6),(70,'2003-11-14 00:00:00',6),(71,'2003-11-26 00:00:00',6),(72,'2004-01-09 00:00:00',8),(73,'2004-02-19 00:00:00',9),(74,'2004-05-07 00:00:00',11),(75,'2004-06-17 00:00:00',12),(76,'2004-07-21 00:00:00',13),(77,'2004-08-20 00:00:00',14),(78,'2004-09-10 00:00:00',15),(79,'2004-10-14 00:00:00',16),(80,'2004-11-01 00:00:00',17),(81,'2004-11-05 00:00:00',17),(82,'2004-11-21 00:00:00',17),(83,'2004-12-02 00:00:00',18),(84,'2004-12-15 00:00:00',18),(85,'2005-01-31 00:00:00',27),(86,'2005-02-23 00:00:00',19),(87,'2005-03-17 00:00:00',20),(88,'2005-04-01 00:00:00',21),(89,'2005-05-06 00:00:00',22),(90,'2003-04-01 00:00:00',28),(91,'2003-10-21 00:00:00',5),(92,'2003-12-09 00:00:00',7),(93,'2004-02-04 00:00:00',9),(94,'2004-03-11 00:00:00',26),(95,'2004-08-19 00:00:00',14),(96,'2004-10-13 00:00:00',16),(97,'2004-10-22 00:00:00',16),(98,'2004-11-19 00:00:00',17),(99,'2003-03-03 00:00:00',24),(100,'2003-05-08 00:00:00',2),(101,'2003-07-02 00:00:00',3),(102,'2003-09-05 00:00:00',25),(103,'2003-11-04 00:00:00',6),(104,'2003-11-12 00:00:00',6),(105,'2003-11-20 00:00:00',6),(106,'2003-12-02 00:00:00',7),(107,'2004-02-22 00:00:00',9),(108,'2004-04-09 00:00:00',10),(109,'2004-06-01 00:00:00',12),(110,'2004-07-06 00:00:00',13),(111,'2004-08-02 00:00:00',14),(112,'2004-08-30 00:00:00',14),(113,'2003-10-04 00:00:00',5),(114,'2004-10-16 00:00:00',16),(115,'2004-11-03 00:00:00',17),(116,'2005-01-06 00:00:00',27),(117,'2005-05-17 00:00:00',22),(118,'2003-04-16 00:00:00',28),(119,'2003-06-03 00:00:00',29),(120,'2003-08-08 00:00:00',4),(121,'2003-09-28 00:00:00',25),(122,'2003-10-22 00:00:00',5),(123,'2004-01-02 00:00:00',8),(124,'2004-02-12 00:00:00',9),(125,'2004-03-19 00:00:00',26),(126,'2004-05-05 00:00:00',11),(127,'2004-07-20 00:00:00',13),(128,'2004-09-09 00:00:00',15),(129,'2004-11-20 00:00:00',17),(130,'2005-01-23 00:00:00',27),(131,'2005-05-05 00:00:00',22),(132,'2003-03-26 00:00:00',24),(133,'2004-02-02 00:00:00',9),(134,'2004-02-21 00:00:00',9),(135,'2003-01-31 00:00:00',23),(136,'2004-03-15 00:00:00',26),(137,'2005-01-26 00:00:00',27),(138,'2003-10-11 00:00:00',5),(139,'2004-01-16 00:00:00',8),(140,'2005-02-08 00:00:00',19),(141,'2004-12-01 00:00:00',18),(142,'2005-03-23 00:00:00',20),(143,'2005-02-09 00:00:00',19),(144,'2003-04-04 00:00:00',28),(145,'2003-08-01 00:00:00',4),(146,'2003-09-21 00:00:00',25),(147,'2004-02-10 00:00:00',9),(148,'2005-05-03 00:00:00',22),(149,'2004-04-12 00:00:00',10),(150,'2004-08-04 00:00:00',14),(151,'2005-04-14 00:00:00',21),(152,'2003-03-10 00:00:00',24),(153,'2003-07-04 00:00:00',3),(154,'2003-09-11 00:00:00',25),(155,'2003-10-17 00:00:00',5),(156,'2003-11-05 00:00:00',6),(157,'2004-04-13 00:00:00',10),(158,'2004-08-06 00:00:00',14),(159,'2003-10-05 00:00:00',5),(160,'2004-11-17 00:00:00',17),(161,'2004-12-09 00:00:00',18),(162,'2005-01-07 00:00:00',27),(163,'2005-03-04 00:00:00',20),(164,'2005-04-15 00:00:00',21),(165,'2003-01-10 00:00:00',23),(166,'2003-03-25 00:00:00',24),(167,'2003-05-21 00:00:00',2),(168,'2003-07-16 00:00:00',3),(169,'2003-09-12 00:00:00',25),(170,'2003-10-18 00:00:00',5),(171,'2003-11-21 00:00:00',6),(172,'2003-12-03 00:00:00',7),(173,'2004-03-02 00:00:00',26),(174,'2004-04-29 00:00:00',10),(175,'2004-06-08 00:00:00',12),(176,'2004-09-03 00:00:00',15),(177,'2005-02-16 00:00:00',19),(178,'2005-05-30 00:00:00',22),(179,'2003-03-18 00:00:00',24),(180,'2003-05-20 00:00:00',2),(181,'2003-07-10 00:00:00',3),(182,'2004-02-26 00:00:00',9),(183,'2004-09-01 00:00:00',15),(184,'2005-01-12 00:00:00',27),(185,'2005-02-10 00:00:00',19),(186,'2005-04-22 00:00:00',21),(187,'2003-02-17 00:00:00',1),(188,'2003-06-16 00:00:00',29),(189,'2003-11-27 00:00:00',6),(190,'2004-05-11 00:00:00',11),(191,'2004-06-24 00:00:00',12),(192,'2004-08-21 00:00:00',14),(193,'2004-09-15 00:00:00',15),(194,'2004-11-10 00:00:00',17),(195,'2004-11-22 00:00:00',17),(196,'2004-12-03 00:00:00',18),(197,'2005-03-01 00:00:00',20),(198,'2005-03-30 00:00:00',20),(199,'2005-05-10 00:00:00',22),(200,'2003-01-06 00:00:00',23),(201,'2004-01-26 00:00:00',8),(202,'2004-11-25 00:00:00',17),(203,'2005-05-29 00:00:00',22),(204,'2005-01-10 00:00:00',27),(205,'2004-10-06 00:00:00',16),(206,'2005-02-22 00:00:00',19),(207,'2003-01-09 00:00:00',23),(208,'2004-04-26 00:00:00',10),(209,'2005-04-23 00:00:00',21),(210,'2003-06-27 00:00:00',29),(211,'2004-04-02 00:00:00',10),(212,'2004-09-16 00:00:00',15),(213,'2004-12-04 00:00:00',18),(214,'2005-04-03 00:00:00',21),(215,'2004-06-04 00:00:00',12),(216,'2004-06-14 00:00:00',12),(217,'2004-07-16 00:00:00',13),(218,'2005-03-10 00:00:00',20),(219,'2003-06-06 00:00:00',29),(220,'2003-11-07 00:00:00',6),(221,'2004-02-18 00:00:00',9),(222,'2004-03-20 00:00:00',26),(223,'2005-03-15 00:00:00',20),(224,'2004-11-09 00:00:00',17),(225,'2004-05-26 00:00:00',11),(226,'2004-07-02 00:00:00',13),(227,'2004-09-07 00:00:00',15),(228,'2004-11-16 00:00:00',17),(229,'2004-12-07 00:00:00',18),(230,'2003-09-03 00:00:00',25),(231,'2004-06-30 00:00:00',12),(232,'2004-08-28 00:00:00',14),(233,'2004-05-08 00:00:00',11),(234,'2004-11-12 00:00:00',17),(235,'2005-05-09 00:00:00',22),(236,'2003-09-25 00:00:00',25),(237,'2004-01-22 00:00:00',8),(238,'2004-10-29 00:00:00',16),(239,'2004-07-07 00:00:00',13),(240,'2004-08-09 00:00:00',14),(241,'2003-11-19 00:00:00',6),(242,'2005-01-19 00:00:00',27),(243,'2003-10-02 00:00:00',5),(244,'2004-03-29 00:00:00',26),(245,'2005-02-28 00:00:00',19),(246,'2004-04-20 00:00:00',10),(247,'2005-03-02 00:00:00',20),(248,'2003-04-11 00:00:00',28),(249,'2003-08-13 00:00:00',4),(250,'2003-10-08 00:00:00',5),(251,'2005-03-28 00:00:00',20),(252,'2003-04-21 00:00:00',28);
/*!40000 ALTER TABLE `orderdate` ENABLE KEYS */;
UNLOCK TABLES;

--
-- Table structure for table `orders`
--

DROP TABLE IF EXISTS `orders`;
/*!40101 SET @saved_cs_client     = @@character_set_client */;
/*!50503 SET character_set_client = utf8mb4 */;
CREATE TABLE `orders` (
  `OrderNumber` int(11) NOT NULL,
  `OrderLineNumber` int(11) NOT NULL,
  `Quantity` int(11) DEFAULT NULL,
  `PriceEach` decimal(10,0) DEFAULT NULL,
  `Status` varchar(45) DEFAULT NULL,
  PRIMARY KEY (`OrderNumber`,`OrderLineNumber`)
) ENGINE=InnoDB DEFAULT CHARSET=utf8mb4 COLLATE=utf8mb4_0900_ai_ci;
/*!40101 SET character_set_client = @saved_cs_client */;

--
-- Dumping data for table `orders`
--

LOCK TABLES `orders` WRITE;
/*!40000 ALTER TABLE `orders` DISABLE KEYS */;
INSERT INTO `orders` VALUES (10100,1,49,34,'Shipped'),(10100,2,50,68,'Shipped'),(10100,3,30,100,'Shipped'),(10100,4,22,87,'Shipped'),(10101,1,26,100,'Shipped'),(10101,2,46,54,'Shipped'),(10101,3,45,31,'Shipped'),(10101,4,25,100,'Shipped'),(10102,1,41,50,'Shipped'),(10102,2,39,100,'Shipped'),(10103,1,36,100,'Shipped'),(10103,2,22,54,'Shipped'),(10103,3,31,100,'Shipped'),(10103,4,42,100,'Shipped'),(10103,5,36,100,'Shipped'),(10103,6,42,100,'Shipped'),(10103,7,45,76,'Shipped'),(10103,8,27,100,'Shipped'),(10103,9,41,47,'Shipped'),(10103,10,35,100,'Shipped'),(10103,11,26,100,'Shipped'),(10103,12,27,83,'Shipped'),(10103,13,25,100,'Shipped'),(10103,14,35,57,'Shipped'),(10103,15,25,100,'Shipped'),(10103,16,46,100,'Shipped'),(10104,1,34,100,'Shipped'),(10104,2,32,53,'Shipped'),(10104,3,38,100,'Shipped'),(10104,4,49,66,'Shipped'),(10104,5,26,100,'Shipped'),(10104,6,35,55,'Shipped'),(10104,7,33,100,'Shipped'),(10104,8,24,100,'Shipped'),(10104,9,41,100,'Shipped'),(10104,10,44,40,'Shipped'),(10104,11,35,48,'Shipped'),(10104,12,29,100,'Shipped'),(10104,13,23,100,'Shipped'),(10105,1,50,80,'Shipped'),(10105,2,50,100,'Shipped'),(10105,3,31,66,'Shipped'),(10105,4,44,73,'Shipped'),(10105,5,41,71,'Shipped'),(10105,6,39,81,'Shipped'),(10105,7,22,100,'Shipped'),(10105,8,25,57,'Shipped'),(10105,9,43,100,'Shipped'),(10105,10,41,83,'Shipped'),(10105,11,22,100,'Shipped'),(10105,12,29,70,'Shipped'),(10105,13,38,100,'Shipped'),(10105,14,29,100,'Shipped'),(10105,15,41,100,'Shipped'),(10106,1,32,100,'Shipped'),(10106,2,34,90,'Shipped'),(10106,3,26,64,'Shipped'),(10106,4,28,89,'Shipped'),(10106,5,33,73,'Shipped'),(10106,6,39,40,'Shipped'),(10106,7,31,100,'Shipped'),(10106,8,44,74,'Shipped'),(10106,9,34,100,'Shipped'),(10106,10,48,61,'Shipped'),(10106,11,50,65,'Shipped'),(10106,12,36,100,'Shipped'),(10106,13,49,75,'Shipped'),(10106,14,31,53,'Shipped'),(10106,15,48,53,'Shipped'),(10106,16,30,100,'Shipped'),(10106,17,41,100,'Shipped'),(10106,18,41,83,'Shipped'),(10107,1,21,100,'Shipped'),(10107,2,30,96,'Shipped'),(10107,3,25,100,'Shipped'),(10107,4,27,100,'Shipped'),(10107,5,39,100,'Shipped'),(10107,6,29,71,'Shipped'),(10107,7,38,83,'Shipped'),(10107,8,20,93,'Shipped'),(10108,1,40,100,'Shipped'),(10108,2,38,82,'Shipped'),(10108,3,36,100,'Shipped'),(10108,4,45,100,'Shipped'),(10108,5,30,63,'Shipped'),(10108,6,33,100,'Shipped'),(10108,7,39,89,'Shipped'),(10108,8,29,100,'Shipped'),(10108,9,26,68,'Shipped'),(10108,10,31,69,'Shipped'),(10108,11,44,100,'Shipped'),(10108,12,43,68,'Shipped'),(10108,13,27,43,'Shipped'),(10108,14,34,83,'Shipped'),(10108,15,35,59,'Shipped'),(10108,16,31,100,'Shipped'),(10109,1,26,100,'Shipped'),(10109,2,47,100,'Shipped'),(10109,3,38,100,'Shipped'),(10109,4,26,100,'Shipped'),(10109,5,46,100,'Shipped'),(10109,6,29,32,'Shipped'),(10110,1,31,100,'Shipped'),(10110,2,39,44,'Shipped'),(10110,3,20,36,'Shipped'),(10110,4,33,100,'Shipped'),(10110,5,48,34,'Shipped'),(10110,6,32,50,'Shipped'),(10110,7,42,100,'Shipped'),(10110,8,28,89,'Shipped'),(10110,9,42,61,'Shipped'),(10110,10,46,100,'Shipped'),(10110,11,43,78,'Shipped'),(10110,12,27,74,'Shipped'),(10110,13,36,85,'Shipped'),(10110,14,37,100,'Shipped'),(10110,15,29,59,'Shipped'),(10110,16,37,100,'Shipped'),(10111,1,43,100,'Shipped'),(10111,2,28,64,'Shipped'),(10111,3,26,87,'Shipped'),(10111,4,39,100,'Shipped'),(10111,5,48,49,'Shipped'),(10111,6,33,100,'Shipped'),(10112,1,29,100,'Shipped'),(10112,2,23,100,'Shipped'),(10113,1,23,69,'Shipped'),(10113,2,21,100,'Shipped'),(10113,3,50,50,'Shipped'),(10113,4,49,100,'Shipped'),(10114,1,24,30,'Shipped'),(10114,2,28,56,'Shipped'),(10114,3,39,100,'Shipped'),(10114,4,48,100,'Shipped'),(10114,5,21,100,'Shipped'),(10114,6,45,69,'Shipped'),(10114,7,32,100,'Shipped'),(10114,8,31,100,'Shipped'),(10114,9,41,100,'Shipped'),(10114,10,42,100,'Shipped'),(10115,1,44,100,'Shipped'),(10115,2,47,69,'Shipped'),(10115,3,27,100,'Shipped'),(10115,4,46,100,'Shipped'),(10115,5,46,100,'Shipped'),(10116,1,27,63,'Shipped'),(10117,1,45,83,'Shipped'),(10117,2,50,44,'Shipped'),(10117,3,41,100,'Shipped'),(10117,4,23,97,'Shipped'),(10117,5,26,100,'Shipped'),(10117,6,38,80,'Shipped'),(10117,7,21,96,'Shipped'),(10117,8,39,100,'Shipped'),(10117,9,33,100,'Shipped'),(10117,10,43,100,'Shipped'),(10117,11,21,49,'Shipped'),(10117,12,22,100,'Shipped'),(10118,1,36,100,'Shipped'),(10119,1,26,59,'Shipped'),(10119,2,28,70,'Shipped'),(10119,3,43,100,'Shipped'),(10119,4,41,60,'Shipped'),(10119,5,20,73,'Shipped'),(10119,6,28,48,'Shipped'),(10119,7,29,94,'Shipped'),(10119,8,27,100,'Shipped'),(10119,9,21,89,'Shipped'),(10119,10,35,91,'Shipped'),(10119,11,46,100,'Shipped'),(10119,12,38,66,'Shipped'),(10119,13,35,88,'Shipped'),(10119,14,25,77,'Shipped'),(10120,1,35,98,'Shipped'),(10120,2,46,100,'Shipped'),(10120,3,29,96,'Shipped'),(10120,4,46,58,'Shipped'),(10120,5,34,84,'Shipped'),(10120,6,22,100,'Shipped'),(10120,7,24,100,'Shipped'),(10120,8,29,72,'Shipped'),(10120,9,29,85,'Shipped'),(10120,10,39,100,'Shipped'),(10120,11,29,72,'Shipped'),(10120,12,49,51,'Shipped'),(10120,13,47,82,'Shipped'),(10120,14,43,76,'Shipped'),(10120,15,24,100,'Shipped'),(10121,1,44,75,'Shipped'),(10121,2,32,77,'Shipped'),(10121,3,25,87,'Shipped'),(10121,4,50,100,'Shipped'),(10121,5,34,81,'Shipped'),(10122,1,31,100,'Shipped'),(10122,2,34,100,'Shipped'),(10122,3,25,100,'Shipped'),(10122,4,39,31,'Shipped'),(10122,5,43,100,'Shipped'),(10122,6,43,72,'Shipped'),(10122,7,20,100,'Shipped'),(10122,8,37,100,'Shipped'),(10122,9,34,50,'Shipped'),(10122,10,42,100,'Shipped'),(10122,11,32,64,'Shipped'),(10122,12,21,100,'Shipped'),(10122,13,21,73,'Shipped'),(10122,14,29,71,'Shipped'),(10122,15,28,100,'Shipped'),(10122,16,35,50,'Shipped'),(10122,17,31,45,'Shipped'),(10123,1,50,60,'Shipped'),(10123,2,26,100,'Shipped'),(10123,3,46,100,'Shipped'),(10123,4,34,100,'Shipped'),(10124,1,22,45,'Shipped'),(10124,2,45,38,'Shipped'),(10124,3,42,100,'Shipped'),(10124,4,46,33,'Shipped'),(10124,5,42,54,'Shipped'),(10124,6,21,100,'Shipped'),(10124,7,36,86,'Shipped'),(10124,8,23,58,'Shipped'),(10124,9,25,94,'Shipped'),(10124,10,32,73,'Shipped'),(10124,11,49,83,'Shipped'),(10124,12,22,78,'Shipped'),(10124,13,43,100,'Shipped'),(10125,1,32,100,'Shipped'),(10125,2,34,100,'Shipped'),(10126,1,27,100,'Shipped'),(10126,2,43,65,'Shipped'),(10126,3,43,96,'Shipped'),(10126,4,22,100,'Shipped'),(10126,5,50,100,'Shipped'),(10126,6,45,100,'Shipped'),(10126,7,26,63,'Shipped'),(10126,8,21,100,'Shipped'),(10126,9,43,54,'Shipped'),(10126,10,38,100,'Shipped'),(10126,11,38,100,'Shipped'),(10126,12,31,90,'Shipped'),(10126,13,30,97,'Shipped'),(10126,14,46,74,'Shipped'),(10126,15,34,100,'Shipped'),(10126,16,38,82,'Shipped'),(10126,17,42,55,'Shipped'),(10127,1,42,100,'Shipped'),(10127,2,46,100,'Shipped'),(10127,3,46,100,'Shipped'),(10127,4,46,69,'Shipped'),(10127,5,25,100,'Shipped'),(10127,6,29,71,'Shipped'),(10127,7,20,97,'Shipped'),(10127,8,20,61,'Shipped'),(10127,9,46,100,'Shipped'),(10127,10,45,100,'Shipped'),(10127,11,24,100,'Shipped'),(10127,12,39,38,'Shipped'),(10127,13,45,52,'Shipped'),(10127,14,45,100,'Shipped'),(10127,15,22,100,'Shipped'),(10128,1,43,92,'Shipped'),(10128,2,41,100,'Shipped'),(10128,3,32,97,'Shipped'),(10128,4,41,100,'Shipped'),(10129,1,50,78,'Shipped'),(10129,2,33,100,'Shipped'),(10129,3,45,85,'Shipped'),(10129,4,41,95,'Shipped'),(10129,5,31,60,'Shipped'),(10129,6,42,91,'Shipped'),(10129,7,30,85,'Shipped'),(10129,8,32,65,'Shipped'),(10129,9,45,100,'Shipped'),(10130,1,33,100,'Shipped'),(10130,2,40,96,'Shipped'),(10131,1,40,100,'Shipped'),(10131,2,26,85,'Shipped'),(10131,3,50,82,'Shipped'),(10131,4,21,100,'Shipped'),(10131,5,35,67,'Shipped'),(10131,6,29,59,'Shipped'),(10131,7,21,42,'Shipped'),(10131,8,22,86,'Shipped'),(10133,1,23,100,'Shipped'),(10133,2,27,100,'Shipped'),(10133,3,49,69,'Shipped'),(10133,4,46,78,'Shipped'),(10133,5,41,94,'Shipped'),(10133,6,49,57,'Shipped'),(10133,7,27,50,'Shipped'),(10133,8,24,78,'Shipped'),(10134,1,20,100,'Shipped'),(10134,2,41,95,'Shipped'),(10134,3,35,94,'Shipped'),(10134,4,31,100,'Shipped'),(10134,5,27,100,'Shipped'),(10134,6,30,62,'Shipped'),(10134,7,43,83,'Shipped'),(10135,1,20,36,'Shipped'),(10135,2,47,100,'Shipped'),(10135,3,48,79,'Shipped'),(10135,4,29,98,'Shipped'),(10135,5,48,100,'Shipped'),(10135,6,27,66,'Shipped'),(10135,7,42,100,'Shipped'),(10135,8,24,75,'Shipped'),(10135,9,42,100,'Shipped'),(10135,10,45,78,'Shipped'),(10135,11,23,87,'Shipped'),(10135,12,31,100,'Shipped'),(10135,13,45,50,'Shipped'),(10135,14,33,40,'Shipped'),(10135,15,44,96,'Shipped'),(10135,16,29,62,'Shipped'),(10135,17,30,90,'Shipped'),(10136,1,36,100,'Shipped'),(10136,2,25,100,'Shipped'),(10136,3,41,100,'Shipped'),(10137,1,26,50,'Shipped'),(10137,2,44,100,'Shipped'),(10137,3,37,100,'Shipped'),(10137,4,31,100,'Shipped'),(10139,1,46,100,'Shipped'),(10139,2,20,90,'Shipped'),(10139,3,20,71,'Shipped'),(10139,4,29,100,'Shipped'),(10139,5,30,100,'Shipped'),(10139,6,49,43,'Shipped'),(10139,7,31,100,'Shipped'),(10139,8,41,100,'Shipped'),(10140,1,47,100,'Shipped'),(10140,2,46,62,'Shipped'),(10140,3,26,100,'Shipped'),(10140,4,26,100,'Shipped'),(10140,5,40,100,'Shipped'),(10140,6,36,100,'Shipped'),(10140,7,28,61,'Shipped'),(10140,8,38,100,'Shipped'),(10140,9,29,43,'Shipped'),(10140,10,32,100,'Shipped'),(10140,11,37,100,'Shipped'),(10141,1,40,95,'Shipped'),(10141,2,20,54,'Shipped'),(10141,3,44,100,'Shipped'),(10141,4,39,100,'Shipped'),(10141,5,21,100,'Shipped'),(10141,6,21,42,'Shipped'),(10141,7,24,46,'Shipped'),(10141,8,47,100,'Shipped'),(10141,9,34,100,'Shipped'),(10142,1,49,98,'Shipped'),(10142,2,41,64,'Shipped'),(10142,3,21,100,'Shipped'),(10142,4,38,85,'Shipped'),(10142,5,39,44,'Shipped'),(10142,6,33,100,'Shipped'),(10142,7,24,70,'Shipped'),(10142,8,47,100,'Shipped'),(10142,9,43,84,'Shipped'),(10142,10,22,98,'Shipped'),(10142,11,46,100,'Shipped'),(10142,12,33,100,'Shipped'),(10142,13,33,100,'Shipped'),(10142,14,42,50,'Shipped'),(10142,15,24,100,'Shipped'),(10142,16,42,75,'Shipped'),(10143,1,34,37,'Shipped'),(10143,2,36,100,'Shipped'),(10143,3,28,96,'Shipped'),(10143,4,26,83,'Shipped'),(10143,5,34,86,'Shipped'),(10143,6,28,66,'Shipped'),(10143,7,32,100,'Shipped'),(10143,8,27,61,'Shipped'),(10143,9,33,78,'Shipped'),(10143,10,37,51,'Shipped'),(10143,11,26,100,'Shipped'),(10143,12,34,100,'Shipped'),(10143,13,46,75,'Shipped'),(10143,14,23,81,'Shipped'),(10143,15,49,100,'Shipped'),(10143,16,31,85,'Shipped'),(10144,1,20,82,'Shipped'),(10145,1,31,36,'Shipped'),(10145,2,38,81,'Shipped'),(10145,3,27,61,'Shipped'),(10145,4,27,100,'Shipped'),(10145,5,49,100,'Shipped'),(10145,6,45,83,'Shipped'),(10145,7,43,96,'Shipped'),(10145,8,33,100,'Shipped'),(10145,9,37,100,'Shipped'),(10145,10,30,50,'Shipped'),(10145,11,47,83,'Shipped'),(10145,12,33,94,'Shipped'),(10145,13,20,100,'Shipped'),(10145,14,30,85,'Shipped'),(10145,15,33,85,'Shipped'),(10145,16,40,88,'Shipped'),(10146,1,29,100,'Shipped'),(10146,2,47,67,'Shipped'),(10147,1,25,43,'Shipped'),(10147,2,23,100,'Shipped'),(10147,3,26,82,'Shipped'),(10147,4,33,98,'Shipped'),(10147,5,31,100,'Shipped'),(10147,6,30,69,'Shipped'),(10147,7,48,100,'Shipped'),(10147,8,21,64,'Shipped'),(10147,9,37,100,'Shipped'),(10147,10,36,86,'Shipped'),(10147,11,31,65,'Shipped'),(10148,1,34,100,'Shipped'),(10148,2,29,81,'Shipped'),(10148,3,34,100,'Shipped'),(10148,4,21,74,'Shipped'),(10148,5,31,74,'Shipped'),(10148,6,25,60,'Shipped'),(10148,7,27,100,'Shipped'),(10148,8,47,57,'Shipped'),(10148,9,47,100,'Shipped'),(10148,10,27,100,'Shipped'),(10148,11,28,100,'Shipped'),(10148,12,25,100,'Shipped'),(10148,13,23,100,'Shipped'),(10148,14,32,100,'Shipped'),(10149,1,20,91,'Shipped'),(10149,2,42,94,'Shipped'),(10149,3,30,58,'Shipped'),(10149,4,50,100,'Shipped'),(10149,5,23,100,'Shipped'),(10149,6,49,49,'Shipped'),(10149,7,36,33,'Shipped'),(10149,8,33,100,'Shipped'),(10149,9,26,39,'Shipped'),(10149,10,24,62,'Shipped'),(10149,11,34,100,'Shipped'),(10150,1,20,100,'Shipped'),(10150,2,49,100,'Shipped'),(10150,3,20,100,'Shipped'),(10150,4,49,58,'Shipped'),(10150,5,30,100,'Shipped'),(10150,6,30,43,'Shipped'),(10150,7,34,100,'Shipped'),(10150,8,45,100,'Shipped'),(10150,9,47,91,'Shipped'),(10150,10,26,100,'Shipped'),(10150,11,30,50,'Shipped'),(10151,1,26,100,'Shipped'),(10151,2,43,100,'Shipped'),(10151,3,24,100,'Shipped'),(10151,4,30,40,'Shipped'),(10151,5,41,64,'Shipped'),(10151,6,49,100,'Shipped'),(10151,7,21,100,'Shipped'),(10151,8,42,100,'Shipped'),(10151,9,39,69,'Shipped'),(10151,10,27,100,'Shipped'),(10152,1,35,100,'Shipped'),(10152,2,33,51,'Shipped'),(10152,3,23,100,'Shipped'),(10152,4,25,65,'Shipped'),(10153,1,43,65,'Shipped'),(10153,2,50,88,'Shipped'),(10153,3,20,100,'Shipped'),(10153,4,50,60,'Shipped'),(10153,5,40,100,'Shipped'),(10153,6,22,83,'Shipped'),(10153,7,31,100,'Shipped'),(10153,8,31,87,'Shipped'),(10153,9,29,89,'Shipped'),(10153,10,49,100,'Shipped'),(10153,11,20,100,'Shipped'),(10153,12,42,100,'Shipped'),(10153,13,31,57,'Shipped'),(10154,1,36,64,'Shipped'),(10154,2,31,91,'Shipped'),(10155,1,43,86,'Shipped'),(10155,2,20,100,'Shipped'),(10155,3,44,86,'Shipped'),(10155,4,44,77,'Shipped'),(10155,5,38,100,'Shipped'),(10155,6,23,73,'Shipped'),(10155,7,34,56,'Shipped'),(10155,8,34,49,'Shipped'),(10155,9,32,91,'Shipped'),(10155,10,29,100,'Shipped'),(10155,11,44,79,'Shipped'),(10155,12,37,68,'Shipped'),(10155,13,32,100,'Shipped'),(10156,1,20,41,'Shipped'),(10156,2,48,100,'Shipped'),(10158,1,22,67,'Shipped'),(10159,1,50,70,'Shipped'),(10159,2,41,100,'Shipped'),(10159,3,24,73,'Shipped'),(10159,4,25,100,'Shipped'),(10159,5,21,81,'Shipped'),(10159,6,23,67,'Shipped'),(10159,7,32,100,'Shipped'),(10159,8,21,65,'Shipped'),(10159,9,35,35,'Shipped'),(10159,10,31,72,'Shipped'),(10159,11,27,80,'Shipped'),(10159,12,23,100,'Shipped'),(10159,13,38,100,'Shipped'),(10159,14,49,100,'Shipped'),(10159,15,44,100,'Shipped'),(10159,16,22,100,'Shipped'),(10159,17,37,100,'Shipped'),(10159,18,42,51,'Shipped'),(10160,1,20,100,'Shipped'),(10160,2,42,37,'Shipped'),(10160,3,35,100,'Shipped'),(10160,4,38,89,'Shipped'),(10160,5,50,100,'Shipped'),(10160,6,46,100,'Shipped'),(10161,1,25,81,'Shipped'),(10161,2,25,100,'Shipped'),(10161,3,20,100,'Shipped'),(10161,4,20,77,'Shipped'),(10161,5,37,73,'Shipped'),(10161,6,30,100,'Shipped'),(10161,7,23,53,'Shipped'),(10161,8,43,100,'Shipped'),(10161,9,23,100,'Shipped'),(10161,10,36,100,'Shipped'),(10161,11,48,100,'Shipped'),(10161,12,28,100,'Shipped'),(10162,1,45,51,'Shipped'),(10162,2,48,91,'Shipped'),(10162,3,48,100,'Shipped'),(10162,4,43,36,'Shipped'),(10162,5,37,27,'Shipped'),(10162,6,38,100,'Shipped'),(10162,7,37,39,'Shipped'),(10162,8,27,70,'Shipped'),(10162,9,29,100,'Shipped'),(10162,10,39,100,'Shipped'),(10163,1,21,100,'Shipped'),(10163,2,31,100,'Shipped'),(10163,3,40,100,'Shipped'),(10163,4,48,70,'Shipped'),(10163,5,42,92,'Shipped'),(10163,6,43,100,'Shipped'),(10164,1,24,100,'Resolved'),(10164,2,21,100,'Resolved'),(10164,3,45,100,'Resolved'),(10164,4,39,82,'Resolved'),(10164,5,49,55,'Resolved'),(10164,6,49,100,'Resolved'),(10164,7,25,54,'Resolved'),(10164,8,36,99,'Resolved'),(10165,1,50,100,'Shipped'),(10165,2,27,100,'Shipped'),(10165,3,44,100,'Shipped'),(10165,4,34,100,'Shipped'),(10165,5,38,67,'Shipped'),(10165,6,28,100,'Shipped'),(10165,7,44,53,'Shipped'),(10165,8,24,99,'Shipped'),(10165,9,25,69,'Shipped'),(10165,10,48,95,'Shipped'),(10165,11,29,100,'Shipped'),(10165,12,48,100,'Shipped'),(10165,13,27,32,'Shipped'),(10165,14,48,46,'Shipped'),(10165,15,46,100,'Shipped'),(10165,16,47,100,'Shipped'),(10165,17,32,100,'Shipped'),(10165,18,31,71,'Shipped'),(10166,1,26,74,'Shipped'),(10166,2,43,100,'Shipped'),(10166,3,29,100,'Shipped'),(10167,1,43,100,'Cancelled'),(10167,2,21,70,'Cancelled'),(10167,3,32,63,'Cancelled'),(10167,4,40,42,'Cancelled'),(10167,5,29,100,'Cancelled'),(10167,6,34,100,'Cancelled'),(10167,7,46,73,'Cancelled'),(10167,8,29,84,'Cancelled'),(10167,9,44,100,'Cancelled'),(10167,10,46,70,'Cancelled'),(10167,11,20,80,'Cancelled'),(10167,12,43,75,'Cancelled'),(10167,13,24,100,'Cancelled'),(10167,14,28,100,'Cancelled'),(10167,15,38,49,'Cancelled'),(10167,16,33,100,'Cancelled'),(10168,1,36,97,'Shipped'),(10168,2,50,100,'Shipped'),(10168,3,20,100,'Shipped'),(10168,4,27,100,'Shipped'),(10168,5,46,61,'Shipped'),(10168,6,29,75,'Shipped'),(10168,7,28,100,'Shipped'),(10168,8,36,100,'Shipped'),(10168,9,21,71,'Shipped'),(10168,10,48,78,'Shipped'),(10168,11,49,100,'Shipped'),(10168,12,31,74,'Shipped'),(10168,13,48,52,'Shipped'),(10168,14,28,99,'Shipped'),(10168,15,48,96,'Shipped'),(10168,16,31,100,'Shipped'),(10168,17,39,83,'Shipped'),(10168,18,27,73,'Shipped'),(10169,1,34,50,'Shipped'),(10169,2,30,100,'Shipped'),(10169,3,36,64,'Shipped'),(10169,4,36,100,'Shipped'),(10169,5,32,71,'Shipped'),(10169,6,24,95,'Shipped'),(10169,7,33,100,'Shipped'),(10169,8,38,68,'Shipped'),(10169,9,26,40,'Shipped'),(10169,10,48,81,'Shipped'),(10169,11,38,74,'Shipped'),(10169,12,34,100,'Shipped'),(10169,13,35,100,'Shipped'),(10170,1,34,100,'Shipped'),(10170,2,20,63,'Shipped'),(10170,3,41,100,'Shipped'),(10170,4,47,100,'Shipped'),(10171,1,35,100,'Shipped'),(10171,2,35,100,'Shipped'),(10171,3,39,100,'Shipped'),(10171,4,36,35,'Shipped'),(10172,1,22,75,'Shipped'),(10172,2,24,81,'Shipped'),(10172,3,32,76,'Shipped'),(10172,4,22,99,'Shipped'),(10172,5,34,43,'Shipped'),(10172,6,42,100,'Shipped'),(10172,7,39,100,'Shipped'),(10172,8,48,100,'Shipped'),(10173,1,31,89,'Shipped'),(10173,2,28,54,'Shipped'),(10173,3,22,100,'Shipped'),(10173,4,29,95,'Shipped'),(10173,5,48,44,'Shipped'),(10173,6,43,100,'Shipped'),(10173,7,22,100,'Shipped'),(10173,8,27,41,'Shipped'),(10173,9,31,32,'Shipped'),(10173,10,31,100,'Shipped'),(10173,11,35,33,'Shipped'),(10173,12,26,58,'Shipped'),(10173,13,24,100,'Shipped'),(10173,14,21,75,'Shipped'),(10173,15,39,72,'Shipped'),(10173,16,23,100,'Shipped'),(10174,1,43,100,'Shipped'),(10174,2,49,45,'Shipped'),(10174,3,48,93,'Shipped'),(10174,4,34,100,'Shipped'),(10174,5,46,100,'Shipped'),(10175,1,26,100,'Shipped'),(10175,2,37,31,'Shipped'),(10175,3,50,63,'Shipped'),(10175,4,48,100,'Shipped'),(10175,5,29,100,'Shipped'),(10175,6,28,100,'Shipped'),(10175,7,41,69,'Shipped'),(10175,8,22,100,'Shipped'),(10175,9,33,100,'Shipped'),(10175,10,47,100,'Shipped'),(10175,11,42,86,'Shipped'),(10175,12,29,75,'Shipped'),(10176,1,50,100,'Shipped'),(10176,2,33,100,'Shipped'),(10176,3,47,100,'Shipped'),(10176,4,38,64,'Shipped'),(10176,5,36,100,'Shipped'),(10176,6,22,64,'Shipped'),(10176,7,29,100,'Shipped'),(10176,8,27,69,'Shipped'),(10176,9,23,100,'Shipped'),(10176,10,20,100,'Shipped'),(10177,1,32,77,'Shipped'),(10177,2,45,73,'Shipped'),(10177,3,24,76,'Shipped'),(10177,4,44,92,'Shipped'),(10177,5,24,100,'Shipped'),(10177,6,40,50,'Shipped'),(10177,7,50,100,'Shipped'),(10177,8,35,75,'Shipped'),(10177,9,23,100,'Shipped'),(10177,10,31,88,'Shipped'),(10177,11,29,100,'Shipped'),(10178,1,22,88,'Shipped'),(10178,2,45,76,'Shipped'),(10178,3,30,72,'Shipped'),(10178,4,42,100,'Shipped'),(10178,5,34,81,'Shipped'),(10178,6,27,74,'Shipped'),(10178,7,45,51,'Shipped'),(10178,8,34,97,'Shipped'),(10178,9,48,100,'Shipped'),(10178,10,41,82,'Shipped'),(10178,11,21,72,'Shipped'),(10178,12,24,100,'Shipped'),(10180,1,28,71,'Shipped'),(10180,2,44,100,'Shipped'),(10180,3,21,50,'Shipped'),(10180,4,34,45,'Shipped'),(10180,5,21,94,'Shipped'),(10180,6,35,72,'Shipped'),(10180,7,22,100,'Shipped'),(10180,8,40,100,'Shipped'),(10180,9,29,86,'Shipped'),(10180,10,48,100,'Shipped'),(10180,11,41,100,'Shipped'),(10180,12,42,100,'Shipped'),(10180,13,25,64,'Shipped'),(10180,14,28,69,'Shipped'),(10181,1,34,54,'Shipped'),(10181,2,42,100,'Shipped'),(10181,3,27,100,'Shipped'),(10181,4,39,100,'Shipped'),(10181,5,21,100,'Shipped'),(10181,6,44,100,'Shipped'),(10181,7,45,100,'Shipped'),(10181,8,37,43,'Shipped'),(10181,9,25,100,'Shipped'),(10181,10,22,74,'Shipped'),(10181,11,36,100,'Shipped'),(10181,12,28,100,'Shipped'),(10181,13,23,66,'Shipped'),(10181,14,27,100,'Shipped'),(10181,15,20,81,'Shipped'),(10181,16,22,100,'Shipped'),(10181,17,30,83,'Shipped'),(10182,1,33,86,'Shipped'),(10182,2,32,54,'Shipped'),(10182,3,25,87,'Shipped'),(10182,4,21,100,'Shipped'),(10182,5,31,37,'Shipped'),(10182,6,39,37,'Shipped'),(10182,7,20,100,'Shipped'),(10182,8,23,42,'Shipped'),(10182,9,38,61,'Shipped'),(10182,10,44,100,'Shipped'),(10182,11,36,100,'Shipped'),(10182,12,44,70,'Shipped'),(10182,13,20,100,'Shipped'),(10182,14,36,74,'Shipped'),(10182,15,33,94,'Shipped'),(10182,16,47,74,'Shipped'),(10182,17,49,100,'Shipped'),(10183,1,28,100,'Shipped'),(10183,2,21,100,'Shipped'),(10183,3,23,87,'Shipped'),(10183,4,49,65,'Shipped'),(10183,5,41,100,'Shipped'),(10183,6,40,49,'Shipped'),(10183,7,21,97,'Shipped'),(10183,8,23,100,'Shipped'),(10183,9,37,89,'Shipped'),(10183,10,22,100,'Shipped'),(10183,11,39,68,'Shipped'),(10183,12,47,100,'Shipped'),(10184,1,48,51,'Shipped'),(10184,2,49,100,'Shipped'),(10184,3,31,60,'Shipped'),(10184,4,45,100,'Shipped'),(10184,5,46,100,'Shipped'),(10184,6,37,100,'Shipped'),(10184,7,42,32,'Shipped'),(10184,8,33,63,'Shipped'),(10184,9,46,100,'Shipped'),(10184,10,28,100,'Shipped'),(10184,11,24,100,'Shipped'),(10184,12,44,60,'Shipped'),(10184,13,46,100,'Shipped'),(10185,1,39,58,'Shipped'),(10185,2,33,74,'Shipped'),(10185,3,21,54,'Shipped'),(10185,4,37,100,'Shipped'),(10185,5,22,79,'Shipped'),(10185,6,28,64,'Shipped'),(10185,7,30,100,'Shipped'),(10185,8,47,77,'Shipped'),(10185,9,28,100,'Shipped'),(10185,10,30,94,'Shipped'),(10185,11,49,81,'Shipped'),(10185,12,43,100,'Shipped'),(10185,13,21,100,'Shipped'),(10185,14,33,100,'Shipped'),(10185,15,20,49,'Shipped'),(10185,16,39,100,'Shipped'),(10186,1,32,100,'Shipped'),(10186,2,22,69,'Shipped'),(10186,3,21,69,'Shipped'),(10186,4,28,52,'Shipped'),(10186,5,24,100,'Shipped'),(10186,6,46,100,'Shipped'),(10186,7,32,89,'Shipped'),(10186,8,36,86,'Shipped'),(10186,9,26,100,'Shipped'),(10188,1,48,100,'Shipped'),(10188,2,25,100,'Shipped'),(10188,3,45,100,'Shipped'),(10188,4,38,96,'Shipped'),(10188,5,32,65,'Shipped'),(10188,6,40,91,'Shipped'),(10188,7,44,99,'Shipped'),(10188,8,29,100,'Shipped'),(10189,1,28,100,'Shipped'),(10190,1,46,33,'Shipped'),(10190,2,40,67,'Shipped'),(10190,3,42,76,'Shipped'),(10190,4,42,86,'Shipped'),(10191,1,40,100,'Shipped'),(10191,2,48,60,'Shipped'),(10191,3,21,100,'Shipped'),(10191,4,30,65,'Shipped'),(10191,5,23,100,'Shipped'),(10191,6,36,95,'Shipped'),(10191,7,44,66,'Shipped'),(10191,8,32,100,'Shipped'),(10191,9,43,73,'Shipped'),(10192,1,23,100,'Shipped'),(10192,2,46,84,'Shipped'),(10192,3,32,73,'Shipped'),(10192,4,37,70,'Shipped'),(10192,5,46,100,'Shipped'),(10192,6,47,54,'Shipped'),(10192,7,29,100,'Shipped'),(10192,8,38,100,'Shipped'),(10192,9,45,100,'Shipped'),(10192,10,47,100,'Shipped'),(10192,11,22,100,'Shipped'),(10192,12,26,100,'Shipped'),(10192,13,30,31,'Shipped'),(10192,14,45,100,'Shipped'),(10192,15,45,91,'Shipped'),(10192,16,27,100,'Shipped'),(10193,1,28,93,'Shipped'),(10193,2,23,100,'Shipped'),(10193,3,24,52,'Shipped'),(10193,4,20,100,'Shipped'),(10193,5,32,79,'Shipped'),(10193,6,46,53,'Shipped'),(10193,7,28,100,'Shipped'),(10193,8,22,100,'Shipped'),(10193,9,20,51,'Shipped'),(10193,10,26,29,'Shipped'),(10193,11,44,100,'Shipped'),(10193,12,22,41,'Shipped'),(10193,13,42,59,'Shipped'),(10193,14,21,100,'Shipped'),(10193,15,24,98,'Shipped'),(10193,16,25,76,'Shipped'),(10194,1,49,100,'Shipped'),(10194,2,45,70,'Shipped'),(10194,3,37,97,'Shipped'),(10194,4,26,100,'Shipped'),(10194,5,32,100,'Shipped'),(10194,6,26,89,'Shipped'),(10194,7,39,55,'Shipped'),(10194,8,38,100,'Shipped'),(10194,9,41,45,'Shipped'),(10194,10,21,93,'Shipped'),(10194,11,42,100,'Shipped'),(10195,1,33,55,'Shipped'),(10195,2,34,100,'Shipped'),(10195,3,44,66,'Shipped'),(10195,4,49,100,'Shipped'),(10195,5,27,100,'Shipped'),(10195,6,49,100,'Shipped'),(10195,7,32,28,'Shipped'),(10195,8,32,43,'Shipped'),(10195,9,35,100,'Shipped'),(10195,10,50,100,'Shipped'),(10196,1,49,100,'Shipped'),(10196,2,50,94,'Shipped'),(10196,3,35,100,'Shipped'),(10196,4,38,100,'Shipped'),(10196,5,47,100,'Shipped'),(10196,6,24,100,'Shipped'),(10196,7,46,62,'Shipped'),(10196,8,27,100,'Shipped'),(10197,1,29,42,'Shipped'),(10197,2,24,91,'Shipped'),(10197,3,22,100,'Shipped'),(10197,4,46,88,'Shipped'),(10197,5,22,86,'Shipped'),(10197,6,45,100,'Shipped'),(10197,7,50,79,'Shipped'),(10197,8,47,83,'Shipped'),(10197,9,23,65,'Shipped'),(10197,10,27,92,'Shipped'),(10197,11,35,93,'Shipped'),(10197,12,42,50,'Shipped'),(10197,13,41,100,'Shipped'),(10197,14,50,100,'Shipped'),(10198,1,42,100,'Shipped'),(10198,2,40,64,'Shipped'),(10198,3,43,66,'Shipped'),(10198,4,42,100,'Shipped'),(10198,5,48,68,'Shipped'),(10198,6,27,72,'Shipped'),(10199,1,29,38,'Shipped'),(10199,2,48,83,'Shipped'),(10199,3,38,82,'Shipped'),(10201,1,25,100,'Shipped'),(10201,2,22,99,'Shipped'),(10201,3,39,100,'Shipped'),(10201,4,49,100,'Shipped'),(10201,5,24,100,'Shipped'),(10201,6,30,65,'Shipped'),(10201,7,25,74,'Shipped'),(10203,1,48,100,'Shipped'),(10203,2,21,37,'Shipped'),(10203,3,47,100,'Shipped'),(10203,4,45,85,'Shipped'),(10203,5,47,100,'Shipped'),(10203,6,20,100,'Shipped'),(10203,7,34,65,'Shipped'),(10203,8,20,100,'Shipped'),(10203,9,44,83,'Shipped'),(10203,10,32,100,'Shipped'),(10203,11,33,86,'Shipped'),(10204,1,26,100,'Shipped'),(10204,2,39,33,'Shipped'),(10204,3,23,71,'Shipped'),(10204,4,33,100,'Shipped'),(10204,5,29,86,'Shipped'),(10204,6,45,76,'Shipped'),(10204,7,42,100,'Shipped'),(10204,8,47,96,'Shipped'),(10204,9,40,80,'Shipped'),(10204,10,20,62,'Shipped'),(10204,11,48,91,'Shipped'),(10204,12,45,50,'Shipped'),(10204,13,40,100,'Shipped'),(10204,14,27,100,'Shipped'),(10204,15,35,100,'Shipped'),(10204,16,38,100,'Shipped'),(10204,17,42,100,'Shipped'),(10205,1,48,64,'Shipped'),(10205,2,36,100,'Shipped'),(10205,3,40,100,'Shipped'),(10205,4,24,38,'Shipped'),(10205,5,32,37,'Shipped'),(10206,1,33,100,'Shipped'),(10206,2,36,59,'Shipped'),(10206,3,28,100,'Shipped'),(10206,4,21,53,'Shipped'),(10206,5,34,100,'Shipped'),(10206,6,47,100,'Shipped'),(10206,7,37,90,'Shipped'),(10206,8,30,100,'Shipped'),(10206,9,28,67,'Shipped'),(10206,10,33,97,'Shipped'),(10206,11,28,87,'Shipped'),(10207,1,40,100,'Shipped'),(10207,2,45,57,'Shipped'),(10207,3,28,100,'Shipped'),(10207,4,49,47,'Shipped'),(10207,5,28,95,'Shipped'),(10207,6,44,100,'Shipped'),(10207,7,34,100,'Shipped'),(10207,8,42,30,'Shipped'),(10207,9,27,60,'Shipped'),(10207,10,43,100,'Shipped'),(10207,11,25,100,'Shipped'),(10207,12,46,100,'Shipped'),(10207,13,37,70,'Shipped'),(10207,14,49,81,'Shipped'),(10207,15,31,100,'Shipped'),(10207,16,47,100,'Shipped'),(10208,1,46,74,'Shipped'),(10208,2,20,89,'Shipped'),(10208,3,38,75,'Shipped'),(10208,4,37,100,'Shipped'),(10208,5,33,85,'Shipped'),(10208,6,42,64,'Shipped'),(10208,7,35,100,'Shipped'),(10208,8,45,88,'Shipped'),(10208,9,24,100,'Shipped'),(10208,10,40,81,'Shipped'),(10208,11,48,100,'Shipped'),(10208,12,20,100,'Shipped'),(10208,13,46,100,'Shipped'),(10208,14,26,100,'Shipped'),(10208,15,30,66,'Shipped'),(10209,1,43,82,'Shipped'),(10209,2,36,78,'Shipped'),(10209,3,48,45,'Shipped'),(10209,4,33,89,'Shipped'),(10209,5,20,100,'Shipped'),(10209,6,28,100,'Shipped'),(10209,7,22,90,'Shipped'),(10209,8,39,100,'Shipped'),(10210,1,34,100,'Shipped'),(10210,2,23,100,'Shipped'),(10210,3,40,50,'Shipped'),(10210,4,30,62,'Shipped'),(10210,5,46,80,'Shipped'),(10210,6,25,100,'Shipped'),(10210,7,50,77,'Shipped'),(10210,8,40,71,'Shipped'),(10210,9,27,98,'Shipped'),(10210,10,39,59,'Shipped'),(10210,11,43,41,'Shipped'),(10210,12,21,79,'Shipped'),(10210,13,31,86,'Shipped'),(10210,14,26,100,'Shipped'),(10210,15,42,70,'Shipped'),(10210,16,29,70,'Shipped'),(10210,17,31,100,'Shipped'),(10211,1,48,49,'Shipped'),(10211,2,41,100,'Shipped'),(10211,3,28,93,'Shipped'),(10211,4,28,100,'Shipped'),(10211,5,35,78,'Shipped'),(10211,6,22,92,'Shipped'),(10211,7,41,100,'Shipped'),(10211,8,46,54,'Shipped'),(10211,9,41,42,'Shipped'),(10211,10,40,81,'Shipped'),(10211,11,21,64,'Shipped'),(10211,12,37,100,'Shipped'),(10211,13,36,100,'Shipped'),(10211,14,41,100,'Shipped'),(10211,15,25,90,'Shipped'),(10212,1,45,88,'Shipped'),(10212,2,27,80,'Shipped'),(10212,3,41,82,'Shipped'),(10212,4,46,88,'Shipped'),(10212,5,45,53,'Shipped'),(10212,6,38,100,'Shipped'),(10212,7,40,100,'Shipped'),(10212,8,45,100,'Shipped'),(10212,9,41,100,'Shipped'),(10212,10,29,100,'Shipped'),(10212,11,40,100,'Shipped'),(10212,12,34,43,'Shipped'),(10212,13,49,100,'Shipped'),(10212,14,20,67,'Shipped'),(10212,15,33,100,'Shipped'),(10212,16,39,100,'Shipped'),(10213,1,38,95,'Shipped'),(10213,2,25,83,'Shipped'),(10213,3,27,100,'Shipped'),(10214,1,50,100,'Shipped'),(10214,2,49,48,'Shipped'),(10214,3,20,34,'Shipped'),(10214,4,27,100,'Shipped'),(10214,5,44,35,'Shipped'),(10214,6,21,63,'Shipped'),(10214,7,30,100,'Shipped'),(10215,1,46,45,'Shipped'),(10215,2,46,100,'Shipped'),(10215,3,35,100,'Shipped'),(10215,4,49,100,'Shipped'),(10215,5,49,100,'Shipped'),(10215,6,31,59,'Shipped'),(10215,7,39,91,'Shipped'),(10215,8,41,100,'Shipped'),(10215,9,33,43,'Shipped'),(10215,10,27,89,'Shipped'),(10216,1,43,100,'Shipped'),(10217,1,28,100,'Shipped'),(10217,2,35,61,'Shipped'),(10217,3,21,100,'Shipped'),(10217,4,48,100,'Shipped'),(10217,5,38,100,'Shipped'),(10217,6,31,88,'Shipped'),(10217,7,39,62,'Shipped'),(10219,1,43,100,'Shipped'),(10219,2,48,100,'Shipped'),(10219,3,21,40,'Shipped'),(10219,4,35,55,'Shipped'),(10220,1,27,100,'Shipped'),(10220,2,32,100,'Shipped'),(10220,3,30,100,'Shipped'),(10220,4,30,69,'Shipped'),(10220,5,50,100,'Shipped'),(10220,6,20,53,'Shipped'),(10220,7,37,100,'Shipped'),(10220,8,26,56,'Shipped'),(10220,9,37,100,'Shipped'),(10221,1,49,100,'Shipped'),(10221,2,39,90,'Shipped'),(10221,3,33,100,'Shipped'),(10221,4,23,97,'Shipped'),(10221,5,23,81,'Shipped'),(10222,1,37,88,'Shipped'),(10222,2,43,74,'Shipped'),(10222,3,48,57,'Shipped'),(10222,4,49,100,'Shipped'),(10222,5,32,82,'Shipped'),(10222,6,43,70,'Shipped'),(10222,7,31,46,'Shipped'),(10222,8,26,100,'Shipped'),(10222,9,45,86,'Shipped'),(10222,10,49,95,'Shipped'),(10222,11,46,81,'Shipped'),(10222,12,49,100,'Shipped'),(10222,13,36,81,'Shipped'),(10222,14,47,71,'Shipped'),(10222,15,31,63,'Shipped'),(10222,16,38,100,'Shipped'),(10222,17,31,95,'Shipped'),(10222,18,36,63,'Shipped'),(10223,1,37,100,'Shipped'),(10223,2,32,91,'Shipped'),(10223,3,49,100,'Shipped'),(10223,4,47,100,'Shipped'),(10223,5,28,61,'Shipped'),(10223,6,38,69,'Shipped'),(10223,7,21,100,'Shipped'),(10223,8,29,100,'Shipped'),(10223,9,47,100,'Shipped'),(10223,10,23,75,'Shipped'),(10223,11,34,100,'Shipped'),(10223,12,20,66,'Shipped'),(10223,13,41,46,'Shipped'),(10223,14,25,100,'Shipped'),(10223,15,26,67,'Shipped'),(10224,1,38,58,'Shipped'),(10224,2,43,39,'Shipped'),(10224,3,50,77,'Shipped'),(10224,4,37,80,'Shipped'),(10224,5,30,100,'Shipped'),(10224,6,43,100,'Shipped'),(10225,1,32,100,'Shipped'),(10225,2,43,100,'Shipped'),(10225,3,42,37,'Shipped'),(10225,4,40,100,'Shipped'),(10225,5,47,65,'Shipped'),(10225,6,21,100,'Shipped'),(10225,7,25,100,'Shipped'),(10225,8,24,50,'Shipped'),(10225,9,27,100,'Shipped'),(10225,10,37,77,'Shipped'),(10225,11,27,100,'Shipped'),(10225,12,37,96,'Shipped'),(10225,13,46,70,'Shipped'),(10225,14,35,100,'Shipped'),(10226,1,21,60,'Shipped'),(10226,2,48,92,'Shipped'),(10226,3,36,43,'Shipped'),(10226,4,38,100,'Shipped'),(10226,5,24,100,'Shipped'),(10226,6,46,100,'Shipped'),(10226,7,24,100,'Shipped'),(10227,1,33,100,'Shipped'),(10227,2,31,49,'Shipped'),(10227,3,25,100,'Shipped'),(10227,4,29,100,'Shipped'),(10227,5,24,48,'Shipped'),(10227,6,42,29,'Shipped'),(10227,7,46,100,'Shipped'),(10227,8,27,44,'Shipped'),(10227,9,28,51,'Shipped'),(10227,10,26,100,'Shipped'),(10227,11,34,100,'Shipped'),(10227,12,37,58,'Shipped'),(10227,13,33,100,'Shipped'),(10227,14,47,88,'Shipped'),(10227,15,40,80,'Shipped'),(10228,1,32,100,'Shipped'),(10228,2,29,100,'Shipped'),(10228,3,24,100,'Shipped'),(10228,4,31,100,'Shipped'),(10228,5,45,64,'Shipped'),(10228,6,33,100,'Shipped'),(10229,1,36,100,'Shipped'),(10229,2,33,33,'Shipped'),(10229,3,23,54,'Shipped'),(10229,4,26,100,'Shipped'),(10229,5,22,100,'Shipped'),(10229,6,48,100,'Shipped'),(10229,7,28,60,'Shipped'),(10229,8,25,100,'Shipped'),(10229,9,50,100,'Shipped'),(10229,10,41,100,'Shipped'),(10229,11,50,100,'Shipped'),(10229,12,30,73,'Shipped'),(10229,13,25,100,'Shipped'),(10229,14,39,40,'Shipped'),(10230,1,43,100,'Shipped'),(10230,2,43,52,'Shipped'),(10230,3,42,100,'Shipped'),(10230,4,46,61,'Shipped'),(10230,5,45,100,'Shipped'),(10230,6,36,54,'Shipped'),(10230,7,34,100,'Shipped'),(10230,8,49,100,'Shipped'),(10231,1,49,100,'Shipped'),(10231,2,42,100,'Shipped'),(10232,1,48,96,'Shipped'),(10232,2,35,82,'Shipped'),(10232,3,24,50,'Shipped'),(10232,4,46,100,'Shipped'),(10232,5,23,90,'Shipped'),(10232,6,22,100,'Shipped'),(10232,7,26,88,'Shipped'),(10232,8,48,96,'Shipped'),(10233,1,29,82,'Shipped'),(10233,2,40,95,'Shipped'),(10233,3,36,71,'Shipped'),(10235,1,41,100,'Shipped'),(10235,2,25,96,'Shipped'),(10235,3,24,76,'Shipped'),(10235,4,40,81,'Shipped'),(10235,5,23,96,'Shipped'),(10235,6,34,78,'Shipped'),(10235,7,41,35,'Shipped'),(10235,8,25,100,'Shipped'),(10235,9,32,92,'Shipped'),(10235,10,38,89,'Shipped'),(10235,11,34,73,'Shipped'),(10235,12,33,60,'Shipped'),(10236,1,22,100,'Shipped'),(10236,2,23,56,'Shipped'),(10236,3,36,88,'Shipped'),(10237,1,26,52,'Shipped'),(10237,2,26,40,'Shipped'),(10237,3,20,68,'Shipped'),(10237,4,26,80,'Shipped'),(10237,5,27,100,'Shipped'),(10237,6,32,100,'Shipped'),(10237,7,23,100,'Shipped'),(10237,8,20,100,'Shipped'),(10237,9,39,100,'Shipped'),(10238,1,29,100,'Shipped'),(10238,2,47,62,'Shipped'),(10238,3,28,100,'Shipped'),(10238,4,20,74,'Shipped'),(10238,5,49,100,'Shipped'),(10238,6,41,73,'Shipped'),(10238,7,22,94,'Shipped'),(10238,8,44,100,'Shipped'),(10239,1,47,100,'Shipped'),(10239,2,20,45,'Shipped'),(10239,3,29,100,'Shipped'),(10239,4,46,74,'Shipped'),(10239,5,21,93,'Shipped'),(10240,1,37,100,'Shipped'),(10240,2,37,100,'Shipped'),(10240,3,41,100,'Shipped'),(10241,1,33,73,'Shipped'),(10241,2,41,100,'Shipped'),(10241,3,42,90,'Shipped'),(10241,4,30,67,'Shipped'),(10241,5,28,99,'Shipped'),(10241,6,47,95,'Shipped'),(10241,7,26,81,'Shipped'),(10241,8,22,76,'Shipped'),(10241,9,27,87,'Shipped'),(10241,10,21,40,'Shipped'),(10241,11,21,100,'Shipped'),(10241,12,44,100,'Shipped'),(10242,1,46,37,'Shipped'),(10243,1,33,30,'Shipped'),(10243,2,47,100,'Shipped'),(10244,1,30,100,'Shipped'),(10244,2,29,100,'Shipped'),(10244,3,24,58,'Shipped'),(10244,4,40,87,'Shipped'),(10244,5,36,84,'Shipped'),(10244,6,20,58,'Shipped'),(10244,7,40,100,'Shipped'),(10244,8,43,100,'Shipped'),(10244,9,39,45,'Shipped'),(10245,1,37,100,'Shipped'),(10245,2,28,100,'Shipped'),(10245,3,21,100,'Shipped'),(10245,4,44,100,'Shipped'),(10245,5,44,69,'Shipped'),(10245,6,38,100,'Shipped'),(10245,7,45,60,'Shipped'),(10245,8,29,100,'Shipped'),(10245,9,34,100,'Shipped'),(10246,1,46,100,'Shipped'),(10246,2,44,53,'Shipped'),(10246,3,22,100,'Shipped'),(10246,4,40,100,'Shipped'),(10246,5,46,100,'Shipped'),(10246,6,49,36,'Shipped'),(10246,7,35,49,'Shipped'),(10246,8,22,98,'Shipped'),(10246,9,36,100,'Shipped'),(10246,10,29,100,'Shipped'),(10246,11,30,62,'Shipped'),(10247,1,27,100,'Shipped'),(10247,2,44,100,'Shipped'),(10247,3,25,100,'Shipped'),(10247,4,49,64,'Shipped'),(10247,5,48,100,'Shipped'),(10247,6,40,50,'Shipped'),(10248,1,21,74,'Cancelled'),(10248,2,23,76,'Cancelled'),(10248,3,20,100,'Cancelled'),(10248,4,32,76,'Cancelled'),(10248,5,30,100,'Cancelled'),(10248,6,36,71,'Cancelled'),(10248,7,30,100,'Cancelled'),(10248,8,35,90,'Cancelled'),(10248,9,23,66,'Cancelled'),(10248,10,48,100,'Cancelled'),(10248,11,42,75,'Cancelled'),(10248,12,32,100,'Cancelled'),(10248,13,40,100,'Cancelled'),(10248,14,42,100,'Cancelled'),(10249,1,20,68,'Shipped'),(10249,2,25,70,'Shipped'),(10249,3,32,58,'Shipped'),(10249,4,40,96,'Shipped'),(10249,5,46,100,'Shipped'),(10250,1,32,88,'Shipped'),(10250,2,31,100,'Shipped'),(10250,3,44,100,'Shipped'),(10250,4,27,99,'Shipped'),(10250,5,37,75,'Shipped'),(10250,6,31,89,'Shipped'),(10250,7,50,61,'Shipped'),(10250,8,36,52,'Shipped'),(10250,9,31,91,'Shipped'),(10250,10,44,67,'Shipped'),(10250,11,35,100,'Shipped'),(10250,12,38,62,'Shipped'),(10250,13,40,75,'Shipped'),(10250,14,45,100,'Shipped'),(10251,1,46,100,'Shipped'),(10251,2,28,100,'Shipped'),(10251,3,26,100,'Shipped'),(10251,4,43,100,'Shipped'),(10251,5,44,100,'Shipped'),(10251,6,29,61,'Shipped'),(10252,1,41,100,'Shipped'),(10252,2,20,76,'Shipped'),(10252,3,38,87,'Shipped'),(10252,4,26,100,'Shipped'),(10252,5,31,53,'Shipped'),(10252,6,36,48,'Shipped'),(10252,7,48,72,'Shipped'),(10252,8,47,66,'Shipped'),(10252,9,25,100,'Shipped'),(10253,1,24,100,'Cancelled'),(10253,2,37,100,'Cancelled'),(10253,3,31,100,'Cancelled'),(10253,4,33,100,'Cancelled'),(10253,5,26,100,'Cancelled'),(10253,6,40,100,'Cancelled'),(10253,7,40,43,'Cancelled'),(10253,8,39,100,'Cancelled'),(10253,9,23,84,'Cancelled'),(10253,10,41,100,'Cancelled'),(10253,11,22,100,'Cancelled'),(10253,12,24,53,'Cancelled'),(10253,13,24,100,'Cancelled'),(10253,14,25,90,'Cancelled'),(10255,1,24,100,'Shipped'),(10255,2,37,46,'Shipped'),(10256,1,29,52,'Shipped'),(10256,2,34,96,'Shipped'),(10257,1,50,88,'Shipped'),(10257,2,37,85,'Shipped'),(10257,3,49,54,'Shipped'),(10257,4,46,79,'Shipped'),(10257,5,26,89,'Shipped'),(10258,1,45,81,'Shipped'),(10258,2,20,61,'Shipped'),(10258,3,41,100,'Shipped'),(10258,4,21,60,'Shipped'),(10258,5,41,100,'Shipped'),(10258,6,32,100,'Shipped'),(10259,1,28,47,'Shipped'),(10259,2,29,100,'Shipped'),(10259,3,30,100,'Shipped'),(10259,4,46,100,'Shipped'),(10259,5,31,33,'Shipped'),(10259,6,40,44,'Shipped'),(10259,7,34,99,'Shipped'),(10259,8,27,100,'Shipped'),(10259,9,47,100,'Shipped'),(10259,10,30,49,'Shipped'),(10259,11,45,87,'Shipped'),(10259,12,26,100,'Shipped'),(10259,13,41,100,'Shipped'),(10261,1,27,100,'Shipped'),(10261,2,44,69,'Shipped'),(10261,3,22,91,'Shipped'),(10261,4,34,62,'Shipped'),(10261,5,25,88,'Shipped'),(10261,6,50,81,'Shipped'),(10261,7,29,51,'Shipped'),(10261,8,36,100,'Shipped'),(10261,9,20,90,'Shipped'),(10262,1,34,97,'Cancelled'),(10262,2,40,79,'Cancelled'),(10262,3,49,38,'Cancelled'),(10262,4,40,84,'Cancelled'),(10262,5,27,76,'Cancelled'),(10262,6,33,91,'Cancelled'),(10262,7,35,71,'Cancelled'),(10262,8,48,61,'Cancelled'),(10262,9,49,100,'Cancelled'),(10262,10,24,67,'Cancelled'),(10262,11,46,70,'Cancelled'),(10262,12,21,57,'Cancelled'),(10262,13,44,94,'Cancelled'),(10262,14,34,100,'Cancelled'),(10262,15,32,84,'Cancelled'),(10262,16,49,87,'Cancelled'),(10263,1,48,100,'Shipped'),(10263,2,34,100,'Shipped'),(10263,3,42,100,'Shipped'),(10263,4,41,100,'Shipped'),(10263,5,40,100,'Shipped'),(10263,6,34,59,'Shipped'),(10263,7,37,62,'Shipped'),(10263,8,31,80,'Shipped'),(10263,9,47,100,'Shipped'),(10263,10,33,86,'Shipped'),(10263,11,24,75,'Shipped'),(10264,1,47,83,'Shipped'),(10264,2,20,100,'Shipped'),(10264,3,48,55,'Shipped'),(10264,4,20,33,'Shipped'),(10264,5,47,90,'Shipped'),(10264,6,37,65,'Shipped'),(10264,7,34,98,'Shipped'),(10265,1,49,100,'Shipped'),(10265,2,45,87,'Shipped'),(10266,1,28,48,'Shipped'),(10266,2,36,100,'Shipped'),(10266,3,20,100,'Shipped'),(10266,4,33,100,'Shipped'),(10266,5,49,100,'Shipped'),(10266,6,21,100,'Shipped'),(10266,7,29,100,'Shipped'),(10266,8,34,40,'Shipped'),(10266,9,24,100,'Shipped'),(10266,10,33,75,'Shipped'),(10266,11,40,100,'Shipped'),(10266,12,22,100,'Shipped'),(10266,13,47,62,'Shipped'),(10266,14,44,100,'Shipped'),(10266,15,35,77,'Shipped'),(10267,1,36,76,'Shipped'),(10267,2,43,100,'Shipped'),(10267,3,38,87,'Shipped'),(10267,4,44,97,'Shipped'),(10267,5,40,80,'Shipped'),(10267,6,43,100,'Shipped'),(10269,1,32,63,'Shipped'),(10269,2,48,97,'Shipped'),(10270,1,32,86,'Shipped'),(10270,2,32,100,'Shipped'),(10270,3,38,100,'Shipped'),(10270,4,46,88,'Shipped'),(10270,5,21,63,'Shipped'),(10270,6,28,100,'Shipped'),(10270,7,44,58,'Shipped'),(10270,8,43,97,'Shipped'),(10270,9,21,100,'Shipped'),(10270,10,31,96,'Shipped'),(10270,11,38,100,'Shipped'),(10271,1,22,100,'Shipped'),(10271,2,45,65,'Shipped'),(10271,3,34,98,'Shipped'),(10271,4,50,100,'Shipped'),(10271,5,31,97,'Shipped'),(10271,6,38,42,'Shipped'),(10271,7,35,48,'Shipped'),(10271,8,50,100,'Shipped'),(10271,9,20,100,'Shipped'),(10271,10,43,100,'Shipped'),(10271,11,25,69,'Shipped'),(10272,1,39,100,'Shipped'),(10272,2,35,100,'Shipped'),(10272,3,27,100,'Shipped'),(10272,4,43,57,'Shipped'),(10272,5,25,100,'Shipped'),(10272,6,45,65,'Shipped'),(10273,1,50,86,'Shipped'),(10273,2,34,98,'Shipped'),(10273,3,48,83,'Shipped'),(10273,4,30,100,'Shipped'),(10273,5,42,62,'Shipped'),(10273,6,27,100,'Shipped'),(10273,7,21,65,'Shipped'),(10273,8,40,86,'Shipped'),(10273,9,26,100,'Shipped'),(10273,10,37,46,'Shipped'),(10273,11,22,100,'Shipped'),(10273,12,33,71,'Shipped'),(10273,13,40,100,'Shipped'),(10273,14,21,100,'Shipped'),(10273,15,47,100,'Shipped'),(10274,1,41,100,'Shipped'),(10274,2,40,65,'Shipped'),(10274,3,24,72,'Shipped'),(10274,4,32,59,'Shipped'),(10274,5,24,91,'Shipped'),(10275,1,45,93,'Shipped'),(10275,2,21,100,'Shipped'),(10275,3,36,100,'Shipped'),(10275,4,22,100,'Shipped'),(10275,5,37,64,'Shipped'),(10275,6,30,80,'Shipped'),(10275,7,23,82,'Shipped'),(10275,8,48,100,'Shipped'),(10275,9,35,90,'Shipped'),(10275,10,27,62,'Shipped'),(10275,11,25,95,'Shipped'),(10275,12,28,64,'Shipped'),(10275,13,38,45,'Shipped'),(10275,14,32,90,'Shipped'),(10275,15,43,74,'Shipped'),(10275,16,39,100,'Shipped'),(10275,17,31,73,'Shipped'),(10275,18,41,82,'Shipped'),(10276,1,47,100,'Shipped'),(10276,2,20,61,'Shipped'),(10276,3,50,100,'Shipped'),(10276,4,38,84,'Shipped'),(10276,5,30,100,'Shipped'),(10276,6,38,70,'Shipped'),(10276,7,48,75,'Shipped'),(10276,8,48,100,'Shipped'),(10276,9,33,50,'Shipped'),(10276,10,27,37,'Shipped'),(10276,11,21,71,'Shipped'),(10276,12,46,75,'Shipped'),(10276,13,38,100,'Shipped'),(10276,14,43,100,'Shipped'),(10277,1,28,100,'Shipped'),(10278,1,35,45,'Shipped'),(10278,2,23,100,'Shipped'),(10278,3,39,100,'Shipped'),(10278,4,31,100,'Shipped'),(10278,5,29,100,'Shipped'),(10278,6,34,100,'Shipped'),(10278,7,42,100,'Shipped'),(10278,8,31,39,'Shipped'),(10278,9,25,100,'Shipped'),(10278,10,29,91,'Shipped'),(10279,1,26,61,'Shipped'),(10279,2,48,100,'Shipped'),(10279,3,49,80,'Shipped'),(10279,4,33,71,'Shipped'),(10279,5,32,75,'Shipped'),(10279,6,48,100,'Shipped'),(10280,1,24,100,'Shipped'),(10280,2,34,100,'Shipped'),(10280,3,46,100,'Shipped'),(10280,4,29,100,'Shipped'),(10280,5,43,69,'Shipped'),(10280,6,21,79,'Shipped'),(10280,7,34,100,'Shipped'),(10280,8,27,58,'Shipped'),(10280,9,50,100,'Shipped'),(10280,10,22,100,'Shipped'),(10280,11,45,47,'Shipped'),(10280,12,20,29,'Shipped'),(10280,13,37,100,'Shipped'),(10280,14,33,42,'Shipped'),(10280,15,25,63,'Shipped'),(10280,16,26,100,'Shipped'),(10280,17,35,100,'Shipped'),(10281,1,41,100,'Shipped'),(10281,2,20,41,'Shipped'),(10281,3,31,55,'Shipped'),(10281,4,48,100,'Shipped'),(10281,5,25,100,'Shipped'),(10281,6,25,100,'Shipped'),(10281,7,29,58,'Shipped'),(10281,8,29,83,'Shipped'),(10281,9,44,100,'Shipped'),(10281,10,25,99,'Shipped'),(10281,11,27,86,'Shipped'),(10281,12,36,78,'Shipped'),(10281,13,25,100,'Shipped'),(10281,14,44,60,'Shipped'),(10282,1,43,100,'Shipped'),(10282,2,43,87,'Shipped'),(10282,3,36,100,'Shipped'),(10282,4,24,100,'Shipped'),(10282,5,41,100,'Shipped'),(10282,6,27,100,'Shipped'),(10282,7,37,67,'Shipped'),(10282,8,31,100,'Shipped'),(10282,9,36,60,'Shipped'),(10282,10,39,100,'Shipped'),(10282,11,29,47,'Shipped'),(10282,12,38,100,'Shipped'),(10282,13,23,100,'Shipped'),(10283,1,43,58,'Shipped'),(10283,2,20,94,'Shipped'),(10283,3,46,100,'Shipped'),(10283,4,21,98,'Shipped'),(10283,5,33,73,'Shipped'),(10283,6,25,100,'Shipped'),(10283,7,47,66,'Shipped'),(10283,8,34,93,'Shipped'),(10283,9,45,79,'Shipped'),(10283,10,22,88,'Shipped'),(10283,11,38,89,'Shipped'),(10283,12,33,51,'Shipped'),(10283,13,42,100,'Shipped'),(10283,14,34,100,'Shipped'),(10284,1,31,72,'Shipped'),(10284,2,21,71,'Shipped'),(10284,3,22,100,'Shipped'),(10284,4,50,82,'Shipped'),(10284,5,33,52,'Shipped'),(10284,6,24,83,'Shipped'),(10284,7,25,70,'Shipped'),(10284,8,45,100,'Shipped'),(10284,9,32,64,'Shipped'),(10284,10,21,56,'Shipped'),(10284,11,45,100,'Shipped'),(10284,12,30,74,'Shipped'),(10284,13,39,72,'Shipped'),(10285,1,37,41,'Shipped'),(10285,2,39,79,'Shipped'),(10285,3,38,60,'Shipped'),(10285,4,26,100,'Shipped'),(10285,5,49,100,'Shipped'),(10285,6,36,100,'Shipped'),(10285,7,34,100,'Shipped'),(10285,8,27,100,'Shipped'),(10285,9,47,100,'Shipped'),(10285,10,20,49,'Shipped'),(10285,11,39,70,'Shipped'),(10285,12,37,99,'Shipped'),(10285,13,45,100,'Shipped'),(10286,1,38,57,'Shipped'),(10287,1,44,100,'Shipped'),(10287,2,27,100,'Shipped'),(10287,3,24,100,'Shipped'),(10287,4,41,100,'Shipped'),(10287,5,36,100,'Shipped'),(10287,6,36,40,'Shipped'),(10287,7,36,100,'Shipped'),(10287,8,44,82,'Shipped'),(10287,9,23,100,'Shipped'),(10287,10,45,100,'Shipped'),(10287,11,20,68,'Shipped'),(10287,12,21,100,'Shipped'),(10287,13,41,69,'Shipped'),(10287,14,40,100,'Shipped'),(10287,15,43,71,'Shipped'),(10287,16,40,88,'Shipped'),(10287,17,34,100,'Shipped'),(10288,1,29,38,'Shipped'),(10288,2,31,100,'Shipped'),(10288,3,33,41,'Shipped'),(10288,4,28,62,'Shipped'),(10288,5,32,100,'Shipped'),(10288,6,35,81,'Shipped'),(10288,7,23,73,'Shipped'),(10288,8,48,100,'Shipped'),(10288,9,35,81,'Shipped'),(10288,10,34,68,'Shipped'),(10288,11,36,66,'Shipped'),(10288,12,41,100,'Shipped'),(10288,13,50,52,'Shipped'),(10288,14,20,100,'Shipped'),(10289,1,24,56,'Shipped'),(10289,2,38,100,'Shipped'),(10289,3,43,100,'Shipped'),(10289,4,45,48,'Shipped'),(10290,1,45,100,'Shipped'),(10290,2,26,96,'Shipped'),(10291,1,48,100,'Shipped'),(10291,2,26,58,'Shipped'),(10291,3,26,84,'Shipped'),(10291,4,30,100,'Shipped'),(10291,5,48,100,'Shipped'),(10291,6,28,100,'Shipped'),(10291,7,32,72,'Shipped'),(10291,8,41,100,'Shipped'),(10291,9,29,52,'Shipped'),(10291,10,41,100,'Shipped'),(10291,11,37,100,'Shipped'),(10291,12,47,100,'Shipped'),(10291,13,23,100,'Shipped'),(10291,14,37,51,'Shipped'),(10292,1,35,55,'Shipped'),(10292,2,44,100,'Shipped'),(10292,3,31,68,'Shipped'),(10292,4,27,100,'Shipped'),(10292,5,40,54,'Shipped'),(10292,6,41,100,'Shipped'),(10292,7,26,100,'Shipped'),(10292,8,21,100,'Shipped'),(10292,9,39,30,'Shipped'),(10292,10,50,47,'Shipped'),(10292,11,41,100,'Shipped'),(10292,12,21,100,'Shipped'),(10293,1,32,60,'Shipped'),(10293,2,21,100,'Shipped'),(10293,3,49,100,'Shipped'),(10293,4,24,100,'Shipped'),(10293,5,29,72,'Shipped'),(10293,6,22,100,'Shipped'),(10293,7,45,100,'Shipped'),(10293,8,46,100,'Shipped'),(10293,9,24,100,'Shipped'),(10294,1,45,100,'Shipped'),(10295,1,24,100,'Shipped'),(10295,2,44,59,'Shipped'),(10295,3,46,85,'Shipped'),(10295,4,26,75,'Shipped'),(10295,5,34,100,'Shipped'),(10296,1,26,48,'Shipped'),(10296,2,42,100,'Shipped'),(10296,3,22,81,'Shipped'),(10296,4,24,100,'Shipped'),(10296,5,47,87,'Shipped'),(10296,6,32,72,'Shipped'),(10296,7,36,100,'Shipped'),(10296,8,21,71,'Shipped'),(10296,9,31,54,'Shipped'),(10296,10,21,45,'Shipped'),(10296,11,34,100,'Shipped'),(10296,12,22,85,'Shipped'),(10296,13,21,96,'Shipped'),(10296,14,22,77,'Shipped'),(10297,1,32,66,'Shipped'),(10297,2,26,100,'Shipped'),(10297,3,35,100,'Shipped'),(10297,4,25,83,'Shipped'),(10297,5,23,72,'Shipped'),(10297,6,32,100,'Shipped'),(10297,7,28,80,'Shipped'),(10298,1,39,96,'Shipped'),(10298,2,32,48,'Shipped'),(10299,1,32,81,'Shipped'),(10299,2,49,100,'Shipped'),(10299,3,39,56,'Shipped'),(10299,4,24,42,'Shipped'),(10299,5,44,81,'Shipped'),(10299,6,33,66,'Shipped'),(10299,7,38,100,'Shipped'),(10299,8,24,100,'Shipped'),(10299,9,23,100,'Shipped'),(10299,10,47,100,'Shipped'),(10299,11,29,100,'Shipped'),(10300,1,41,92,'Shipped'),(10300,2,23,100,'Shipped'),(10300,3,29,100,'Shipped'),(10300,4,31,59,'Shipped'),(10300,5,33,100,'Shipped'),(10300,6,22,77,'Shipped'),(10300,7,23,100,'Shipped'),(10300,8,49,79,'Shipped'),(10301,1,27,72,'Shipped'),(10301,2,22,96,'Shipped'),(10301,3,22,51,'Shipped'),(10301,4,32,100,'Shipped'),(10301,5,22,100,'Shipped'),(10301,6,39,100,'Shipped'),(10301,7,47,100,'Shipped'),(10301,8,37,100,'Shipped'),(10301,9,23,100,'Shipped'),(10301,10,48,34,'Shipped'),(10301,11,50,100,'Shipped'),(10302,1,43,100,'Shipped'),(10302,2,38,89,'Shipped'),(10302,3,23,73,'Shipped'),(10302,4,45,100,'Shipped'),(10302,5,49,100,'Shipped'),(10302,6,48,74,'Shipped'),(10303,1,24,40,'Shipped'),(10303,2,46,49,'Shipped'),(10304,1,40,100,'Shipped'),(10304,2,36,73,'Shipped'),(10304,3,39,100,'Shipped'),(10304,4,34,49,'Shipped'),(10304,5,46,98,'Shipped'),(10304,6,47,100,'Shipped'),(10304,7,46,100,'Shipped'),(10304,8,26,86,'Shipped'),(10304,9,24,65,'Shipped'),(10304,10,33,100,'Shipped'),(10304,11,38,100,'Shipped'),(10304,12,37,49,'Shipped'),(10304,13,37,96,'Shipped'),(10304,14,20,100,'Shipped'),(10304,15,44,39,'Shipped'),(10304,16,23,30,'Shipped'),(10304,17,24,100,'Shipped'),(10305,1,36,100,'Shipped'),(10305,2,45,62,'Shipped'),(10305,3,42,100,'Shipped'),(10305,4,27,100,'Shipped'),(10305,5,38,100,'Shipped'),(10305,6,48,31,'Shipped'),(10305,7,40,58,'Shipped'),(10305,8,36,100,'Shipped'),(10305,9,37,100,'Shipped'),(10305,10,24,100,'Shipped'),(10305,11,41,53,'Shipped'),(10305,12,28,100,'Shipped'),(10305,13,38,100,'Shipped'),(10305,14,22,99,'Shipped'),(10306,1,43,75,'Shipped'),(10306,2,31,84,'Shipped'),(10306,3,50,54,'Shipped'),(10306,4,32,90,'Shipped'),(10306,5,30,100,'Shipped'),(10306,6,35,60,'Shipped'),(10306,7,29,100,'Shipped'),(10306,8,39,90,'Shipped'),(10306,9,32,100,'Shipped'),(10306,10,38,92,'Shipped'),(10306,11,40,92,'Shipped'),(10306,12,20,100,'Shipped'),(10306,13,31,100,'Shipped'),(10306,14,34,100,'Shipped'),(10306,15,34,60,'Shipped'),(10306,16,23,100,'Shipped'),(10306,17,46,50,'Shipped'),(10307,1,39,100,'Shipped'),(10307,2,25,75,'Shipped'),(10307,3,22,72,'Shipped'),(10307,4,34,54,'Shipped'),(10307,5,34,98,'Shipped'),(10307,6,48,87,'Shipped'),(10307,7,31,83,'Shipped'),(10307,8,22,91,'Shipped'),(10307,9,22,100,'Shipped'),(10308,1,20,100,'Shipped'),(10308,2,34,100,'Shipped'),(10308,3,34,52,'Shipped'),(10308,4,47,63,'Shipped'),(10308,5,24,80,'Shipped'),(10308,6,31,100,'Shipped'),(10308,7,27,83,'Shipped'),(10308,8,44,83,'Shipped'),(10308,9,31,100,'Shipped'),(10308,10,46,66,'Shipped'),(10308,11,47,44,'Shipped'),(10308,12,21,100,'Shipped'),(10308,13,21,87,'Shipped'),(10308,14,35,89,'Shipped'),(10308,15,39,68,'Shipped'),(10308,16,43,76,'Shipped'),(10309,1,28,89,'Shipped'),(10309,2,24,56,'Shipped'),(10309,3,50,85,'Shipped'),(10309,4,26,100,'Shipped'),(10309,5,41,100,'Shipped'),(10309,6,21,100,'Shipped'),(10310,1,24,100,'Shipped'),(10310,2,37,100,'Shipped'),(10310,3,48,100,'Shipped'),(10310,4,33,42,'Shipped'),(10310,5,45,100,'Shipped'),(10310,6,20,92,'Shipped'),(10310,7,25,100,'Shipped'),(10310,8,24,100,'Shipped'),(10310,9,38,57,'Shipped'),(10310,10,33,100,'Shipped'),(10310,11,49,81,'Shipped'),(10310,12,49,100,'Shipped'),(10310,13,27,80,'Shipped'),(10310,14,49,97,'Shipped'),(10310,15,40,100,'Shipped'),(10310,16,42,67,'Shipped'),(10310,17,36,43,'Shipped'),(10311,1,41,82,'Shipped'),(10311,2,25,67,'Shipped'),(10311,3,43,100,'Shipped'),(10311,4,28,94,'Shipped'),(10311,5,25,83,'Shipped'),(10311,6,26,87,'Shipped'),(10311,7,46,92,'Shipped'),(10311,8,45,49,'Shipped'),(10311,9,29,100,'Shipped'),(10311,10,43,100,'Shipped'),(10311,11,32,100,'Shipped'),(10312,1,39,57,'Shipped'),(10312,2,32,100,'Shipped'),(10312,3,48,100,'Shipped'),(10312,4,37,100,'Shipped'),(10312,5,38,100,'Shipped'),(10312,6,35,54,'Shipped'),(10312,7,44,100,'Shipped'),(10312,8,33,100,'Shipped'),(10312,9,25,44,'Shipped'),(10312,10,43,89,'Shipped'),(10312,11,25,100,'Shipped'),(10312,12,23,38,'Shipped'),(10312,13,39,30,'Shipped'),(10312,14,31,100,'Shipped'),(10312,15,31,35,'Shipped'),(10312,16,30,61,'Shipped'),(10312,17,48,100,'Shipped'),(10313,1,38,45,'Shipped'),(10313,2,29,100,'Shipped'),(10313,3,25,100,'Shipped'),(10313,4,42,100,'Shipped'),(10313,5,34,53,'Shipped'),(10313,6,27,88,'Shipped'),(10313,7,40,100,'Shipped'),(10313,8,28,100,'Shipped'),(10313,9,30,99,'Shipped'),(10313,10,34,56,'Shipped'),(10313,11,21,100,'Shipped'),(10314,1,20,100,'Shipped'),(10314,2,23,76,'Shipped'),(10314,3,23,100,'Shipped'),(10314,4,36,100,'Shipped'),(10314,5,38,100,'Shipped'),(10314,6,46,100,'Shipped'),(10314,7,38,62,'Shipped'),(10314,8,29,100,'Shipped'),(10314,9,35,66,'Shipped'),(10314,10,38,100,'Shipped'),(10314,11,44,53,'Shipped'),(10314,12,28,100,'Shipped'),(10314,13,42,100,'Shipped'),(10314,14,45,100,'Shipped'),(10314,15,39,37,'Shipped'),(10315,1,24,87,'Shipped'),(10315,2,41,62,'Shipped'),(10315,3,31,86,'Shipped'),(10315,4,37,91,'Shipped'),(10315,5,40,56,'Shipped'),(10315,6,35,100,'Shipped'),(10315,7,36,100,'Shipped'),(10316,1,25,100,'Shipped'),(10316,2,24,59,'Shipped'),(10316,3,34,48,'Shipped'),(10316,4,34,82,'Shipped'),(10316,5,48,75,'Shipped'),(10316,6,23,100,'Shipped'),(10316,7,44,62,'Shipped'),(10316,8,30,78,'Shipped'),(10316,9,27,100,'Shipped'),(10316,10,34,64,'Shipped'),(10316,11,47,77,'Shipped'),(10316,12,34,44,'Shipped'),(10316,13,45,93,'Shipped'),(10316,14,47,87,'Shipped'),(10316,15,21,95,'Shipped'),(10316,16,25,92,'Shipped'),(10316,17,33,100,'Shipped'),(10316,18,48,74,'Shipped'),(10317,1,35,83,'Shipped'),(10318,1,46,95,'Shipped'),(10318,2,48,100,'Shipped'),(10318,3,37,100,'Shipped'),(10318,4,45,100,'Shipped'),(10318,5,42,53,'Shipped'),(10318,6,26,87,'Shipped'),(10318,7,47,100,'Shipped'),(10318,8,50,100,'Shipped'),(10318,9,31,100,'Shipped'),(10319,1,46,74,'Shipped'),(10319,2,43,86,'Shipped'),(10319,3,45,100,'Shipped'),(10319,4,44,59,'Shipped'),(10319,5,29,38,'Shipped'),(10319,6,45,77,'Shipped'),(10319,7,31,82,'Shipped'),(10319,8,22,100,'Shipped'),(10319,9,30,100,'Shipped'),(10320,1,35,100,'Shipped'),(10320,2,26,61,'Shipped'),(10320,3,31,100,'Shipped'),(10320,4,38,73,'Shipped'),(10320,5,25,100,'Shipped'),(10321,1,30,73,'Shipped'),(10321,2,39,85,'Shipped'),(10321,3,30,71,'Shipped'),(10321,4,21,90,'Shipped'),(10321,5,48,42,'Shipped'),(10321,6,44,100,'Shipped'),(10321,7,27,100,'Shipped'),(10321,8,28,100,'Shipped'),(10321,9,25,100,'Shipped'),(10321,10,41,100,'Shipped'),(10321,11,33,100,'Shipped'),(10321,12,37,33,'Shipped'),(10321,13,26,100,'Shipped'),(10321,14,37,79,'Shipped'),(10321,15,24,100,'Shipped'),(10322,1,40,100,'Shipped'),(10322,2,36,100,'Shipped'),(10322,3,20,100,'Shipped'),(10322,4,30,100,'Shipped'),(10322,5,41,58,'Shipped'),(10322,6,50,100,'Shipped'),(10322,7,48,47,'Shipped'),(10322,8,46,62,'Shipped'),(10322,9,27,100,'Shipped'),(10322,10,22,100,'Shipped'),(10322,11,35,61,'Shipped'),(10322,12,33,100,'Shipped'),(10322,13,41,30,'Shipped'),(10322,14,43,86,'Shipped'),(10323,1,47,100,'Shipped'),(10323,2,33,91,'Shipped'),(10324,1,27,54,'Shipped'),(10324,2,31,100,'Shipped'),(10324,3,33,100,'Shipped'),(10324,4,48,100,'Shipped'),(10324,5,34,100,'Shipped'),(10324,6,38,100,'Shipped'),(10324,7,26,58,'Shipped'),(10324,8,47,100,'Shipped'),(10324,9,30,100,'Shipped'),(10324,10,33,37,'Shipped'),(10324,11,20,98,'Shipped'),(10324,12,27,100,'Shipped'),(10324,13,49,100,'Shipped'),(10324,14,25,69,'Shipped'),(10325,1,24,100,'Shipped'),(10325,2,28,100,'Shipped'),(10325,3,38,100,'Shipped'),(10325,4,38,100,'Shipped'),(10325,5,44,100,'Shipped'),(10325,6,47,65,'Shipped'),(10325,7,44,100,'Shipped'),(10325,8,42,64,'Shipped'),(10325,9,24,69,'Shipped'),(10326,1,39,60,'Shipped'),(10326,2,20,92,'Shipped'),(10326,3,41,86,'Shipped'),(10326,4,41,100,'Shipped'),(10326,5,50,86,'Shipped'),(10326,6,32,100,'Shipped'),(10327,1,21,96,'Resolved'),(10327,2,43,80,'Resolved'),(10327,3,37,87,'Resolved'),(10327,4,37,87,'Resolved'),(10327,5,25,46,'Resolved'),(10327,6,25,100,'Resolved'),(10327,7,20,100,'Resolved'),(10327,8,45,100,'Resolved'),(10328,1,48,59,'Shipped'),(10328,2,20,73,'Shipped'),(10328,3,35,76,'Shipped'),(10328,4,43,61,'Shipped'),(10328,5,24,81,'Shipped'),(10328,6,34,100,'Shipped'),(10328,7,34,52,'Shipped'),(10328,8,27,100,'Shipped'),(10328,9,41,100,'Shipped'),(10328,10,37,100,'Shipped'),(10328,11,33,100,'Shipped'),(10328,12,39,86,'Shipped'),(10328,13,33,64,'Shipped'),(10328,14,47,88,'Shipped'),(10329,1,42,100,'Shipped'),(10329,2,20,100,'Shipped'),(10329,3,26,100,'Shipped'),(10329,4,37,94,'Shipped'),(10329,5,41,71,'Shipped'),(10329,6,24,100,'Shipped'),(10329,7,30,88,'Shipped'),(10329,8,44,86,'Shipped'),(10329,9,29,100,'Shipped'),(10329,10,38,59,'Shipped'),(10329,11,45,64,'Shipped'),(10329,12,38,100,'Shipped'),(10329,13,46,84,'Shipped'),(10329,14,33,100,'Shipped'),(10329,15,39,65,'Shipped'),(10330,1,42,81,'Shipped'),(10330,2,29,70,'Shipped'),(10330,3,37,100,'Shipped'),(10330,4,50,100,'Shipped'),(10331,1,21,100,'Shipped'),(10331,2,41,100,'Shipped'),(10331,3,28,100,'Shipped'),(10331,4,32,100,'Shipped'),(10331,5,20,100,'Shipped'),(10331,6,46,100,'Shipped'),(10331,7,44,74,'Shipped'),(10331,8,30,32,'Shipped'),(10331,9,25,100,'Shipped'),(10331,10,26,65,'Shipped'),(10331,11,27,100,'Shipped'),(10331,12,26,68,'Shipped'),(10331,13,27,42,'Shipped'),(10331,14,44,100,'Shipped'),(10332,1,24,53,'Shipped'),(10332,2,50,100,'Shipped'),(10332,3,21,100,'Shipped'),(10332,4,23,57,'Shipped'),(10332,5,20,88,'Shipped'),(10332,6,45,82,'Shipped'),(10332,7,39,87,'Shipped'),(10332,8,35,65,'Shipped'),(10332,9,38,84,'Shipped'),(10332,10,26,86,'Shipped'),(10332,11,44,42,'Shipped'),(10332,12,45,34,'Shipped'),(10332,13,31,37,'Shipped'),(10332,14,41,77,'Shipped'),(10332,15,46,95,'Shipped'),(10332,16,27,90,'Shipped'),(10332,17,26,100,'Shipped'),(10332,18,40,40,'Shipped'),(10333,1,39,100,'Shipped'),(10333,2,46,100,'Shipped'),(10333,3,26,100,'Shipped'),(10333,4,33,74,'Shipped'),(10333,5,31,90,'Shipped'),(10333,6,33,99,'Shipped'),(10333,7,29,40,'Shipped'),(10333,8,24,80,'Shipped'),(10334,1,34,61,'On Hold'),(10334,2,26,100,'On Hold'),(10334,3,20,100,'On Hold'),(10334,4,49,100,'On Hold'),(10334,5,42,100,'On Hold'),(10334,6,46,100,'On Hold'),(10335,1,44,100,'Shipped'),(10335,2,33,37,'Shipped'),(10335,3,40,61,'Shipped'),(10336,1,49,63,'Shipped'),(10336,2,46,100,'Shipped'),(10336,3,38,100,'Shipped'),(10336,4,45,100,'Shipped'),(10336,5,31,100,'Shipped'),(10336,6,49,100,'Shipped'),(10336,7,21,100,'Shipped'),(10336,8,23,100,'Shipped'),(10336,9,31,85,'Shipped'),(10336,10,33,57,'Shipped'),(10336,11,33,100,'Shipped'),(10336,12,48,100,'Shipped'),(10337,1,31,89,'Shipped'),(10337,2,29,100,'Shipped'),(10337,3,36,100,'Shipped'),(10337,4,29,72,'Shipped'),(10337,5,42,97,'Shipped'),(10337,6,21,100,'Shipped'),(10337,7,36,72,'Shipped'),(10337,8,25,48,'Shipped'),(10337,9,36,70,'Shipped'),(10338,1,41,100,'Shipped'),(10338,2,45,100,'Shipped'),(10338,3,28,83,'Shipped'),(10339,1,30,62,'Shipped'),(10339,2,27,100,'Shipped'),(10339,3,39,77,'Shipped'),(10339,4,40,69,'Shipped'),(10339,5,22,100,'Shipped'),(10339,6,27,76,'Shipped'),(10339,7,21,51,'Shipped'),(10339,8,50,58,'Shipped'),(10339,9,50,74,'Shipped'),(10339,10,27,84,'Shipped'),(10339,11,45,97,'Shipped'),(10339,12,55,100,'Shipped'),(10339,13,55,100,'Shipped'),(10339,14,29,100,'Shipped'),(10339,15,55,71,'Shipped'),(10339,16,42,59,'Shipped'),(10340,1,40,85,'Shipped'),(10340,2,55,100,'Shipped'),(10340,3,39,59,'Shipped'),(10340,4,40,51,'Shipped'),(10340,5,30,89,'Shipped'),(10340,6,29,100,'Shipped'),(10340,7,55,88,'Shipped'),(10340,8,55,80,'Shipped'),(10341,1,44,96,'Shipped'),(10341,2,45,80,'Shipped'),(10341,3,38,100,'Shipped'),(10341,4,31,71,'Shipped'),(10341,5,34,100,'Shipped'),(10341,6,32,100,'Shipped'),(10341,7,55,75,'Shipped'),(10341,8,55,100,'Shipped'),(10341,9,41,100,'Shipped'),(10341,10,36,94,'Shipped'),(10342,1,55,65,'Shipped'),(10342,2,40,100,'Shipped'),(10342,3,22,100,'Shipped'),(10342,4,30,100,'Shipped'),(10342,5,25,67,'Shipped'),(10342,6,42,100,'Shipped'),(10342,7,55,100,'Shipped'),(10342,8,26,56,'Shipped'),(10342,9,39,40,'Shipped'),(10342,10,48,62,'Shipped'),(10342,11,38,100,'Shipped'),(10343,1,30,100,'Shipped'),(10343,2,44,85,'Shipped'),(10343,3,25,52,'Shipped'),(10343,4,36,100,'Shipped'),(10343,5,29,100,'Shipped'),(10343,6,27,36,'Shipped'),(10344,1,45,100,'Shipped'),(10344,2,40,57,'Shipped'),(10344,3,30,100,'Shipped'),(10344,4,21,100,'Shipped'),(10344,5,26,63,'Shipped'),(10344,6,20,35,'Shipped'),(10344,7,29,60,'Shipped'),(10345,1,43,54,'Shipped'),(10346,1,25,100,'Shipped'),(10346,2,24,100,'Shipped'),(10346,3,42,36,'Shipped'),(10346,4,22,97,'Shipped'),(10346,5,24,87,'Shipped'),(10346,6,26,96,'Shipped'),(10347,1,30,100,'Shipped'),(10347,2,27,100,'Shipped'),(10347,3,29,100,'Shipped'),(10347,4,45,100,'Shipped'),(10347,5,42,50,'Shipped'),(10347,6,21,100,'Shipped'),(10347,7,21,59,'Shipped'),(10347,8,50,100,'Shipped'),(10347,9,48,100,'Shipped'),(10347,10,34,65,'Shipped'),(10347,11,45,100,'Shipped'),(10347,12,26,100,'Shipped'),(10348,1,37,100,'Shipped'),(10348,2,39,50,'Shipped'),(10348,3,42,100,'Shipped'),(10348,4,47,100,'Shipped'),(10348,5,31,100,'Shipped'),(10348,6,29,100,'Shipped'),(10348,7,32,83,'Shipped'),(10348,8,48,52,'Shipped'),(10349,1,33,47,'Shipped'),(10349,2,23,100,'Shipped'),(10349,3,36,37,'Shipped'),(10349,4,48,47,'Shipped'),(10349,5,34,100,'Shipped'),(10349,6,48,100,'Shipped'),(10349,7,38,100,'Shipped'),(10349,8,38,100,'Shipped'),(10349,9,48,100,'Shipped'),(10349,10,26,100,'Shipped'),(10350,1,44,100,'Shipped'),(10350,2,41,93,'Shipped'),(10350,3,30,100,'Shipped'),(10350,4,28,100,'Shipped'),(10350,5,26,75,'Shipped'),(10350,6,43,65,'Shipped'),(10350,7,34,50,'Shipped'),(10350,8,31,71,'Shipped'),(10350,9,30,100,'Shipped'),(10350,10,25,60,'Shipped'),(10350,11,46,77,'Shipped'),(10350,12,29,75,'Shipped'),(10350,13,31,77,'Shipped'),(10350,14,27,100,'Shipped'),(10350,15,20,100,'Shipped'),(10350,16,25,100,'Shipped'),(10350,17,44,100,'Shipped'),(10351,1,39,100,'Shipped'),(10351,2,20,100,'Shipped'),(10351,3,34,59,'Shipped'),(10351,4,38,68,'Shipped'),(10351,5,25,75,'Shipped'),(10352,1,22,76,'Shipped'),(10352,2,49,100,'Shipped'),(10352,3,23,100,'Shipped'),(10352,4,49,53,'Shipped'),(10353,1,27,100,'Shipped'),(10353,2,28,72,'Shipped'),(10353,3,35,90,'Shipped'),(10353,4,48,69,'Shipped'),(10353,5,46,81,'Shipped'),(10353,6,43,82,'Shipped'),(10353,7,40,45,'Shipped'),(10353,8,40,82,'Shipped'),(10353,9,39,100,'Shipped'),(10355,1,31,53,'Shipped'),(10355,2,25,100,'Shipped'),(10355,3,41,71,'Shipped'),(10355,4,36,39,'Shipped'),(10355,5,40,100,'Shipped'),(10355,6,44,62,'Shipped'),(10355,7,23,100,'Shipped'),(10355,8,32,100,'Shipped'),(10355,9,28,95,'Shipped'),(10355,10,38,40,'Shipped'),(10356,1,30,100,'Shipped'),(10356,2,27,65,'Shipped'),(10356,3,29,100,'Shipped'),(10356,4,26,100,'Shipped'),(10356,5,48,100,'Shipped'),(10356,6,22,72,'Shipped'),(10356,7,26,32,'Shipped'),(10356,8,43,98,'Shipped'),(10356,9,50,50,'Shipped'),(10357,1,39,98,'Shipped'),(10357,2,28,100,'Shipped'),(10357,3,25,100,'Shipped'),(10357,4,44,100,'Shipped'),(10357,5,49,71,'Shipped'),(10357,6,41,87,'Shipped'),(10357,7,41,62,'Shipped'),(10357,8,49,100,'Shipped'),(10357,9,43,100,'Shipped'),(10357,10,32,100,'Shipped'),(10358,1,41,100,'Shipped'),(10358,2,36,100,'Shipped'),(10358,3,27,100,'Shipped'),(10358,4,36,83,'Shipped'),(10358,5,49,55,'Shipped'),(10358,6,41,100,'Shipped'),(10358,7,41,100,'Shipped'),(10358,8,30,100,'Shipped'),(10358,9,42,64,'Shipped'),(10358,10,20,100,'Shipped'),(10358,11,20,36,'Shipped'),(10358,12,32,93,'Shipped'),(10358,13,25,100,'Shipped'),(10358,14,44,61,'Shipped'),(10359,1,22,100,'Shipped'),(10359,2,46,100,'Shipped'),(10359,3,36,100,'Shipped'),(10359,4,25,65,'Shipped'),(10359,5,49,62,'Shipped'),(10359,6,48,55,'Shipped'),(10359,7,22,100,'Shipped'),(10359,8,42,100,'Shipped'),(10361,1,25,62,'Shipped'),(10361,2,49,72,'Shipped'),(10361,3,33,83,'Shipped'),(10361,4,20,61,'Shipped'),(10361,5,44,72,'Shipped'),(10361,6,34,100,'Shipped'),(10361,7,26,100,'Shipped'),(10361,8,26,51,'Shipped'),(10361,9,26,100,'Shipped'),(10361,10,44,100,'Shipped'),(10361,11,35,100,'Shipped'),(10361,12,23,95,'Shipped'),(10361,13,20,73,'Shipped'),(10361,14,24,45,'Shipped'),(10362,1,22,100,'Shipped'),(10362,2,50,97,'Shipped'),(10362,3,23,50,'Shipped'),(10362,4,22,100,'Shipped'),(10363,1,31,95,'Shipped'),(10363,2,50,100,'Shipped'),(10363,3,33,85,'Shipped'),(10363,4,34,97,'Shipped'),(10363,5,34,82,'Shipped'),(10363,6,46,88,'Shipped'),(10363,7,22,100,'Shipped'),(10363,8,21,100,'Shipped'),(10363,9,43,100,'Shipped'),(10363,10,46,60,'Shipped'),(10363,11,24,100,'Shipped'),(10363,12,32,89,'Shipped'),(10363,13,28,58,'Shipped'),(10363,14,43,61,'Shipped'),(10363,15,21,100,'Shipped'),(10364,1,48,48,'Shipped'),(10365,1,30,87,'Shipped'),(10365,2,44,100,'Shipped'),(10365,3,22,100,'Shipped'),(10366,1,34,100,'Shipped'),(10366,2,49,100,'Shipped'),(10366,3,34,100,'Shipped'),(10367,1,49,56,'Resolved'),(10367,2,36,100,'Resolved'),(10367,3,37,100,'Resolved'),(10367,4,45,100,'Resolved'),(10367,5,27,100,'Resolved'),(10367,6,46,100,'Resolved'),(10367,7,32,95,'Resolved'),(10367,8,43,63,'Resolved'),(10367,9,44,85,'Resolved'),(10367,10,21,60,'Resolved'),(10367,11,38,39,'Resolved'),(10367,12,28,31,'Resolved'),(10367,13,23,36,'Resolved'),(10368,1,46,80,'Shipped'),(10368,2,40,100,'Shipped'),(10368,3,46,37,'Shipped'),(10368,4,20,100,'Shipped'),(10368,5,31,100,'Shipped'),(10369,1,42,100,'Shipped'),(10369,2,41,100,'Shipped'),(10369,3,40,87,'Shipped'),(10369,4,45,73,'Shipped'),(10369,5,21,94,'Shipped'),(10369,6,28,44,'Shipped'),(10369,7,32,99,'Shipped'),(10369,8,44,100,'Shipped'),(10370,1,27,100,'Shipped'),(10370,2,20,100,'Shipped'),(10370,3,25,100,'Shipped'),(10370,4,35,66,'Shipped'),(10370,5,22,100,'Shipped'),(10370,6,29,58,'Shipped'),(10370,7,22,97,'Shipped'),(10370,8,49,100,'Shipped'),(10370,9,27,57,'Shipped'),(10371,1,26,100,'Shipped'),(10371,2,20,66,'Shipped'),(10371,3,34,100,'Shipped'),(10371,4,49,36,'Shipped'),(10371,5,20,100,'Shipped'),(10371,6,32,100,'Shipped'),(10371,7,25,100,'Shipped'),(10371,8,45,100,'Shipped'),(10371,9,28,50,'Shipped'),(10371,10,48,57,'Shipped'),(10371,11,30,100,'Shipped'),(10371,12,25,97,'Shipped'),(10372,1,34,100,'Shipped'),(10372,2,44,100,'Shipped'),(10372,3,28,100,'Shipped'),(10372,4,40,100,'Shipped'),(10372,5,25,85,'Shipped'),(10372,6,48,100,'Shipped'),(10372,7,41,87,'Shipped'),(10372,8,37,100,'Shipped'),(10372,9,24,59,'Shipped'),(10373,1,29,100,'Shipped'),(10373,2,34,96,'Shipped'),(10373,3,39,100,'Shipped'),(10373,4,28,58,'Shipped'),(10373,5,22,87,'Shipped'),(10373,6,50,60,'Shipped'),(10373,7,38,70,'Shipped'),(10373,8,37,100,'Shipped'),(10373,9,25,65,'Shipped'),(10373,10,23,100,'Shipped'),(10373,11,46,66,'Shipped'),(10373,12,33,57,'Shipped'),(10373,13,39,73,'Shipped'),(10373,14,44,100,'Shipped'),(10373,15,32,84,'Shipped'),(10373,16,41,70,'Shipped'),(10373,17,45,56,'Shipped'),(10374,1,22,100,'Shipped'),(10374,2,42,69,'Shipped'),(10374,3,46,94,'Shipped'),(10374,4,22,53,'Shipped'),(10374,5,39,100,'Shipped'),(10374,6,38,100,'Shipped'),(10375,1,33,100,'Shipped'),(10375,2,43,100,'Shipped'),(10375,3,37,100,'Shipped'),(10375,4,44,82,'Shipped'),(10375,5,49,66,'Shipped'),(10375,6,37,82,'Shipped'),(10375,7,45,76,'Shipped'),(10375,8,49,100,'Shipped'),(10375,9,23,100,'Shipped'),(10375,10,25,67,'Shipped'),(10375,11,44,100,'Shipped'),(10375,12,21,35,'Shipped'),(10375,13,49,79,'Shipped'),(10375,14,20,100,'Shipped'),(10375,15,41,100,'Shipped'),(10376,1,35,100,'Shipped'),(10377,1,50,100,'Shipped'),(10377,2,35,100,'Shipped'),(10377,3,39,100,'Shipped'),(10377,4,31,68,'Shipped'),(10377,5,24,68,'Shipped'),(10377,6,36,100,'Shipped'),(10378,1,40,82,'Shipped'),(10378,2,41,100,'Shipped'),(10378,3,33,53,'Shipped'),(10378,4,22,100,'Shipped'),(10378,5,34,43,'Shipped'),(10378,6,46,42,'Shipped'),(10378,7,41,100,'Shipped'),(10378,8,49,67,'Shipped'),(10378,9,28,100,'Shipped'),(10378,10,43,96,'Shipped'),(10379,1,27,49,'Shipped'),(10379,2,39,100,'Shipped'),(10379,3,32,100,'Shipped'),(10379,4,32,71,'Shipped'),(10379,5,29,100,'Shipped'),(10380,1,32,100,'Shipped'),(10380,2,24,100,'Shipped'),(10380,3,34,100,'Shipped'),(10380,4,32,71,'Shipped'),(10380,5,27,68,'Shipped'),(10380,6,36,38,'Shipped'),(10380,7,44,36,'Shipped'),(10380,8,21,47,'Shipped'),(10380,9,44,79,'Shipped'),(10380,10,40,100,'Shipped'),(10380,11,34,100,'Shipped'),(10380,12,43,95,'Shipped'),(10380,13,27,93,'Shipped'),(10381,1,20,100,'Shipped'),(10381,2,48,98,'Shipped'),(10381,3,36,100,'Shipped'),(10381,4,40,68,'Shipped'),(10381,5,35,100,'Shipped'),(10381,6,37,100,'Shipped'),(10381,7,35,49,'Shipped'),(10381,8,41,100,'Shipped'),(10381,9,25,53,'Shipped'),(10382,1,39,100,'Shipped'),(10382,2,39,100,'Shipped'),(10382,3,20,100,'Shipped'),(10382,4,33,100,'Shipped'),(10382,5,25,88,'Shipped'),(10382,6,26,100,'Shipped'),(10382,7,50,100,'Shipped'),(10382,8,48,100,'Shipped'),(10382,9,34,55,'Shipped'),(10382,10,34,100,'Shipped'),(10382,11,37,100,'Shipped'),(10382,12,34,95,'Shipped'),(10382,13,32,67,'Shipped'),(10383,1,38,100,'Shipped'),(10383,2,22,92,'Shipped'),(10383,3,40,100,'Shipped'),(10383,4,21,94,'Shipped'),(10383,5,32,53,'Shipped'),(10383,6,47,100,'Shipped'),(10383,7,28,59,'Shipped'),(10383,8,44,36,'Shipped'),(10383,9,24,62,'Shipped'),(10383,10,38,60,'Shipped'),(10383,11,27,100,'Shipped'),(10383,12,26,100,'Shipped'),(10383,13,29,100,'Shipped'),(10384,1,49,100,'Shipped'),(10384,2,43,98,'Shipped'),(10384,3,28,81,'Shipped'),(10384,4,34,100,'Shipped'),(10385,1,25,77,'Shipped'),(10385,2,37,86,'Shipped'),(10386,1,39,56,'Resolved'),(10386,2,45,92,'Resolved'),(10386,3,30,95,'Resolved'),(10386,4,43,100,'Resolved'),(10386,5,37,93,'Resolved'),(10386,6,22,58,'Resolved'),(10386,7,25,55,'Resolved'),(10386,8,50,63,'Resolved'),(10386,9,35,64,'Resolved'),(10386,10,37,100,'Resolved'),(10386,11,33,42,'Resolved'),(10386,12,41,73,'Resolved'),(10386,13,29,86,'Resolved'),(10386,14,37,84,'Resolved'),(10386,15,44,86,'Resolved'),(10386,16,50,87,'Resolved'),(10386,17,32,94,'Resolved'),(10386,18,21,75,'Resolved'),(10387,1,44,95,'Shipped'),(10388,1,27,100,'Shipped'),(10388,2,46,100,'Shipped'),(10388,3,50,100,'Shipped'),(10388,4,42,76,'Shipped'),(10388,5,50,45,'Shipped'),(10388,6,44,100,'Shipped'),(10388,7,21,87,'Shipped'),(10388,8,35,100,'Shipped'),(10389,1,45,100,'Shipped'),(10389,2,49,81,'Shipped'),(10389,3,49,79,'Shipped'),(10389,4,26,99,'Shipped'),(10389,5,39,100,'Shipped'),(10389,6,25,72,'Shipped'),(10389,7,36,70,'Shipped'),(10389,8,47,100,'Shipped'),(10390,1,50,100,'Shipped'),(10390,2,36,100,'Shipped'),(10390,3,49,100,'Shipped'),(10390,4,35,65,'Shipped'),(10390,5,37,100,'Shipped'),(10390,6,46,53,'Shipped'),(10390,7,26,78,'Shipped'),(10390,8,45,100,'Shipped'),(10390,9,40,100,'Shipped'),(10390,10,30,82,'Shipped'),(10390,11,41,45,'Shipped'),(10390,12,45,49,'Shipped'),(10390,13,22,100,'Shipped'),(10390,14,36,94,'Shipped'),(10390,15,34,43,'Shipped'),(10390,16,31,99,'Shipped'),(10391,1,24,100,'Shipped'),(10391,2,35,100,'Shipped'),(10391,3,42,100,'Shipped'),(10391,4,24,100,'Shipped'),(10391,5,44,39,'Shipped'),(10391,6,32,45,'Shipped'),(10391,7,37,47,'Shipped'),(10391,8,33,100,'Shipped'),(10391,9,39,63,'Shipped'),(10391,10,29,85,'Shipped'),(10392,1,36,100,'Shipped'),(10392,2,29,87,'Shipped'),(10392,3,37,60,'Shipped'),(10394,1,37,100,'Shipped'),(10394,2,31,50,'Shipped'),(10394,3,36,63,'Shipped'),(10394,4,30,60,'Shipped'),(10394,5,22,100,'Shipped'),(10394,6,46,39,'Shipped'),(10394,7,37,100,'Shipped'),(10395,1,33,69,'Shipped'),(10395,2,32,100,'Shipped'),(10395,3,45,100,'Shipped'),(10395,4,46,100,'Shipped'),(10396,1,39,67,'Shipped'),(10396,2,33,100,'Shipped'),(10396,3,33,100,'Shipped'),(10396,4,24,90,'Shipped'),(10396,5,45,100,'Shipped'),(10396,6,49,100,'Shipped'),(10396,7,27,83,'Shipped'),(10396,8,37,91,'Shipped'),(10397,1,34,62,'Shipped'),(10397,2,36,100,'Shipped'),(10397,3,48,100,'Shipped'),(10397,4,22,67,'Shipped'),(10397,5,32,81,'Shipped'),(10398,1,34,40,'Shipped'),(10398,2,41,68,'Shipped'),(10398,3,28,58,'Shipped'),(10398,4,22,67,'Shipped'),(10398,5,49,37,'Shipped'),(10398,6,47,88,'Shipped'),(10398,7,36,100,'Shipped'),(10398,8,22,87,'Shipped'),(10398,9,23,100,'Shipped'),(10398,10,29,66,'Shipped'),(10398,11,33,100,'Shipped'),(10398,12,36,87,'Shipped'),(10398,13,34,72,'Shipped'),(10398,14,45,78,'Shipped'),(10398,15,34,77,'Shipped'),(10398,16,43,100,'Shipped'),(10398,17,45,100,'Shipped'),(10398,18,28,72,'Shipped'),(10400,1,34,100,'Shipped'),(10400,2,24,62,'Shipped'),(10400,3,38,57,'Shipped'),(10400,4,20,56,'Shipped'),(10400,5,46,88,'Shipped'),(10400,6,58,100,'Shipped'),(10400,7,30,75,'Shipped'),(10400,8,42,73,'Shipped'),(10400,9,64,100,'Shipped'),(10401,1,49,100,'On Hold'),(10401,2,21,96,'On Hold'),(10401,3,42,76,'On Hold'),(10401,4,52,81,'On Hold'),(10401,5,38,96,'On Hold'),(10401,6,62,78,'On Hold'),(10401,7,56,35,'On Hold'),(10401,8,11,100,'On Hold'),(10401,9,77,92,'On Hold'),(10401,10,85,89,'On Hold'),(10401,11,28,73,'On Hold'),(10401,12,64,60,'On Hold'),(10402,1,45,100,'Shipped'),(10402,2,55,56,'Shipped'),(10402,3,59,88,'Shipped'),(10403,1,36,52,'Shipped'),(10403,2,30,40,'Shipped'),(10403,3,31,68,'Shipped'),(10403,4,27,80,'Shipped'),(10403,5,45,100,'Shipped'),(10403,6,66,100,'Shipped'),(10403,7,24,100,'Shipped'),(10403,8,46,100,'Shipped'),(10403,9,66,100,'Shipped'),(10405,1,55,100,'Shipped'),(10405,2,47,45,'Shipped'),(10405,3,76,100,'Shipped'),(10405,4,61,74,'Shipped'),(10405,5,97,93,'Shipped'),(10406,1,65,100,'Disputed'),(10406,2,48,100,'Disputed'),(10406,3,61,100,'Disputed'),(10407,1,42,73,'On Hold'),(10407,2,76,100,'On Hold'),(10407,3,6,90,'On Hold'),(10407,4,66,67,'On Hold'),(10407,5,59,99,'On Hold'),(10407,6,76,95,'On Hold'),(10407,7,13,81,'On Hold'),(10407,8,26,76,'On Hold'),(10407,9,43,87,'On Hold'),(10407,10,64,40,'On Hold'),(10407,11,59,100,'On Hold'),(10407,12,41,100,'On Hold'),(10408,1,15,37,'Shipped'),(10409,1,61,30,'Shipped'),(10409,2,6,100,'Shipped'),(10411,1,26,100,'Shipped'),(10411,2,27,100,'Shipped'),(10411,3,46,100,'Shipped'),(10411,4,34,100,'Shipped'),(10411,5,27,69,'Shipped'),(10411,6,40,100,'Shipped'),(10411,7,35,60,'Shipped'),(10411,8,27,100,'Shipped'),(10411,9,23,100,'Shipped'),(10412,1,31,100,'Shipped'),(10412,2,21,53,'Shipped'),(10412,3,26,100,'Shipped'),(10412,4,41,100,'Shipped'),(10412,5,54,100,'Shipped'),(10412,6,30,36,'Shipped'),(10412,7,19,49,'Shipped'),(10412,8,56,98,'Shipped'),(10412,9,60,100,'Shipped'),(10412,10,70,100,'Shipped'),(10412,11,47,62,'Shipped'),(10413,1,22,100,'Shipped'),(10413,2,36,100,'Shipped'),(10413,3,47,100,'Shipped'),(10413,4,51,64,'Shipped'),(10413,5,49,100,'Shipped'),(10413,6,24,50,'Shipped'),(10414,1,44,74,'On Hold'),(10414,2,51,76,'On Hold'),(10414,3,19,100,'On Hold'),(10414,4,31,76,'On Hold'),(10414,5,60,100,'On Hold'),(10414,6,37,71,'On Hold'),(10414,7,28,100,'On Hold'),(10414,8,27,90,'On Hold'),(10414,9,47,66,'On Hold'),(10414,10,23,100,'On Hold'),(10414,11,16,75,'On Hold'),(10414,12,41,100,'On Hold'),(10414,13,34,100,'On Hold'),(10414,14,48,100,'On Hold'),(10415,1,21,68,'Disputed'),(10415,2,18,70,'Disputed'),(10415,3,42,58,'Disputed'),(10415,4,32,96,'Disputed'),(10415,5,51,100,'Disputed'),(10416,1,32,88,'Shipped'),(10416,2,45,100,'Shipped'),(10416,3,41,100,'Shipped'),(10416,4,15,99,'Shipped'),(10416,5,48,75,'Shipped'),(10416,6,47,89,'Shipped'),(10416,7,26,61,'Shipped'),(10416,8,37,52,'Shipped'),(10416,9,23,91,'Shipped'),(10416,10,39,67,'Shipped'),(10416,11,22,100,'Shipped'),(10416,12,43,62,'Shipped'),(10416,13,18,75,'Shipped'),(10416,14,24,100,'Shipped'),(10417,1,21,100,'Disputed'),(10417,2,66,100,'Disputed'),(10417,3,35,100,'Disputed'),(10417,4,56,100,'Disputed'),(10417,5,45,100,'Disputed'),(10417,6,36,61,'Disputed'),(10419,1,37,100,'Shipped'),(10419,2,55,100,'Shipped'),(10419,3,43,100,'Shipped'),(10419,4,34,100,'Shipped'),(10419,5,38,100,'Shipped'),(10419,6,35,100,'Shipped'),(10419,7,15,43,'Shipped'),(10419,8,70,100,'Shipped'),(10419,9,39,84,'Shipped'),(10419,10,32,100,'Shipped'),(10419,11,10,100,'Shipped'),(10419,12,55,53,'Shipped'),(10419,13,12,100,'Shipped'),(10419,14,34,90,'Shipped'),(10420,1,45,27,'In Process'),(10420,2,45,100,'In Process'),(10420,3,15,43,'In Process'),(10420,4,36,64,'In Process'),(10420,5,37,100,'In Process'),(10420,6,66,93,'In Process'),(10420,7,36,58,'In Process'),(10420,8,55,96,'In Process'),(10420,9,39,100,'In Process'),(10420,10,35,97,'In Process'),(10420,11,60,65,'In Process'),(10420,12,26,100,'In Process'),(10420,13,37,60,'In Process'),(10421,1,35,100,'In Process'),(10421,2,40,46,'In Process'),(10422,1,25,52,'In Process'),(10422,2,51,96,'In Process'),(10423,1,10,88,'In Process'),(10423,2,21,85,'In Process'),(10423,3,31,54,'In Process'),(10423,4,28,79,'In Process'),(10423,5,21,89,'In Process'),(10424,1,46,81,'In Process'),(10424,2,44,61,'In Process'),(10424,3,49,100,'In Process'),(10424,4,26,60,'In Process'),(10424,5,54,100,'In Process'),(10424,6,50,100,'In Process'),(10425,1,55,47,'In Process'),(10425,2,18,100,'In Process'),(10425,3,28,100,'In Process'),(10425,4,33,100,'In Process'),(10425,5,31,33,'In Process'),(10425,6,11,44,'In Process'),(10425,7,38,99,'In Process'),(10425,8,28,100,'In Process'),(10425,9,49,100,'In Process'),(10425,10,19,49,'In Process'),(10425,11,41,87,'In Process'),(10425,12,38,100,'In Process'),(10425,13,38,100,'In Process');
/*!40000 ALTER TABLE `orders` ENABLE KEYS */;
UNLOCK TABLES;

--
-- Table structure for table `product`
--

DROP TABLE IF EXISTS `product`;
/*!40101 SET @saved_cs_client     = @@character_set_client */;
/*!50503 SET character_set_client = utf8mb4 */;
CREATE TABLE `product` (
  `ProductID` varchar(45) NOT NULL,
  `ProductLineID` int(11) NOT NULL,
  `MSRP` decimal(10,0) NOT NULL,
  PRIMARY KEY (`ProductID`),
  KEY `fk_Product_ProductLine1_idx` (`ProductLineID`),
  CONSTRAINT `fk_Product_ProductLine` FOREIGN KEY (`ProductLineID`) REFERENCES `productline` (`ProductLineID`)
) ENGINE=InnoDB DEFAULT CHARSET=utf8mb4 COLLATE=utf8mb4_0900_ai_ci;
/*!40101 SET character_set_client = @saved_cs_client */;

--
-- Dumping data for table `product`
--

LOCK TABLES `product` WRITE;
/*!40000 ALTER TABLE `product` DISABLE KEYS */;
INSERT INTO `product` VALUES ('S10_1678',1,95),('S10_1949',2,214),('S10_2016',1,118),('S10_4698',1,193),('S10_4757',2,136),('S10_4962',2,147),('S12_1099',2,194),('S12_1108',2,207),('S12_1666',3,136),('S12_2823',1,150),('S12_3148',2,151),('S12_3380',2,117),('S12_3891',2,173),('S12_3990',2,79),('S12_4473',3,118),('S12_4675',2,115),('S18_1097',3,116),('S18_1129',2,141),('S18_1342',4,102),('S18_1367',4,53),('S18_1589',2,124),('S18_1662',5,157),('S18_1749',4,170),('S18_1889',2,77),('S18_1984',2,142),('S18_2238',2,163),('S18_2248',4,60),('S18_2319',3,122),('S18_2325',4,127),('S18_2432',3,60),('S18_2581',5,84),('S18_2625',1,60),('S18_2795',4,168),('S18_2870',2,132),('S18_2949',4,101),('S18_2957',4,62),('S18_3029',6,86),('S18_3136',4,104),('S18_3140',4,136),('S18_3232',2,169),('S18_3259',7,100),('S18_3278',2,80),('S18_3320',4,99),('S18_3482',2,146),('S18_3685',2,141),('S18_3782',1,62),('S18_3856',4,105),('S18_4027',2,143),('S18_4409',4,92),('S18_4522',4,87),('S18_4600',3,121),('S18_4668',4,50),('S18_4721',2,148),('S18_4933',2,71),('S24_1046',2,73),('S24_1444',2,57),('S24_1578',1,112),('S24_1628',2,50),('S24_1785',5,109),('S24_1937',4,33),('S24_2000',1,76),('S24_2011',6,122),('S24_2022',4,44),('S24_2300',3,127),('S24_2360',1,69),('S24_2766',2,90),('S24_2840',2,35),('S24_2841',5,68),('S24_2887',2,117),('S24_2972',2,37),('S24_3151',4,88),('S24_3191',2,85),('S24_3371',2,61),('S24_3420',4,65),('S24_3432',2,107),('S24_3816',4,83),('S24_3856',2,140),('S24_3949',5,68),('S24_3969',4,41),('S24_4048',2,118),('S24_4258',4,97),('S24_4278',5,72),('S24_4620',2,80),('S32_1268',3,96),('S32_1374',1,99),('S32_2206',1,40),('S32_2509',3,54),('S32_3207',7,62),('S32_3522',3,64),('S32_4289',4,68),('S32_4485',1,102),('S50_1341',4,43),('S50_1392',3,115),('S50_1514',7,58),('S50_4713',1,81),('S700_1138',6,66),('S700_1691',5,91),('S700_1938',6,86),('S700_2047',6,90),('S700_2466',5,99),('S700_2610',6,72),('S700_2824',2,101),('S700_2834',5,118),('S700_3167',5,80),('S700_3505',6,100),('S700_3962',6,99),('S700_4002',5,74),('S72_1253',5,49),('S72_3212',6,54);
/*!40000 ALTER TABLE `product` ENABLE KEYS */;
UNLOCK TABLES;

--
-- Table structure for table `productline`
--

DROP TABLE IF EXISTS `productline`;
/*!40101 SET @saved_cs_client     = @@character_set_client */;
/*!50503 SET character_set_client = utf8mb4 */;
CREATE TABLE `productline` (
  `ProductLineID` int(11) NOT NULL AUTO_INCREMENT,
  `Name` varchar(45) NOT NULL,
  PRIMARY KEY (`ProductLineID`),
  UNIQUE KEY `Name_UNIQUE` (`Name`)
) ENGINE=InnoDB AUTO_INCREMENT=8 DEFAULT CHARSET=utf8mb4 COLLATE=utf8mb4_0900_ai_ci;
/*!40101 SET character_set_client = @saved_cs_client */;

--
-- Dumping data for table `productline`
--

LOCK TABLES `productline` WRITE;
/*!40000 ALTER TABLE `productline` DISABLE KEYS */;
INSERT INTO `productline` VALUES (2,'Classic Cars'),(1,'Motorcycles'),(5,'Planes'),(6,'Ships'),(7,'Trains'),(3,'Trucks and Buses'),(4,'Vintage Cars');
/*!40000 ALTER TABLE `productline` ENABLE KEYS */;
UNLOCK TABLES;

--
-- Table structure for table `quarters`
--

DROP TABLE IF EXISTS `quarters`;
/*!40101 SET @saved_cs_client     = @@character_set_client */;
/*!50503 SET character_set_client = utf8mb4 */;
CREATE TABLE `quarters` (
  `QuarterID` int(11) NOT NULL AUTO_INCREMENT,
  `QuarterVal` varchar(45) NOT NULL,
  `YearID` int(11) NOT NULL,
  PRIMARY KEY (`QuarterID`),
  KEY `fk_table1_Year1_idx` (`YearID`),
  CONSTRAINT `fk_table1_Year1` FOREIGN KEY (`YearID`) REFERENCES `years` (`YearID`)
) ENGINE=InnoDB AUTO_INCREMENT=11 DEFAULT CHARSET=utf8mb4 COLLATE=utf8mb4_0900_ai_ci;
/*!40101 SET character_set_client = @saved_cs_client */;

--
-- Dumping data for table `quarters`
--

LOCK TABLES `quarters` WRITE;
/*!40000 ALTER TABLE `quarters` DISABLE KEYS */;
INSERT INTO `quarters` VALUES (1,'1',1),(2,'2',1),(3,'3',1),(4,'4',1),(5,'1',2),(6,'2',2),(7,'3',2),(8,'4',2),(9,'1',3),(10,'2',3);
/*!40000 ALTER TABLE `quarters` ENABLE KEYS */;
UNLOCK TABLES;

--
-- Table structure for table `sales`
--

DROP TABLE IF EXISTS `sales`;
/*!40101 SET @saved_cs_client     = @@character_set_client */;
/*!50503 SET character_set_client = utf8mb4 */;
CREATE TABLE `sales` (
  `SalesID` int(11) NOT NULL AUTO_INCREMENT,
  `OrderNumber` int(11) NOT NULL,
  `OrderLineNumber` int(11) NOT NULL,
  `GeoLocationID` int(11) NOT NULL,
  `ProductID` varchar(45) NOT NULL,
  `CustomerID` int(11) NOT NULL,
  `DateID` int(11) NOT NULL,
  `Sales` decimal(10,0) NOT NULL,
  `DealSize` varchar(45) NOT NULL,
  PRIMARY KEY (`SalesID`),
  KEY `fk_Sales_City1_idx` (`GeoLocationID`),
  KEY `fk_Sales_Customer_idx` (`CustomerID`),
  KEY `fk_Sales_Date1_idx` (`DateID`),
  KEY `fk_Sales_Order_idx` (`OrderNumber`,`OrderLineNumber`),
  KEY `fk_Sales_Product1_idx` (`ProductID`),
  CONSTRAINT `fk_Sales_City` FOREIGN KEY (`GeoLocationID`) REFERENCES `city` (`CityID`),
  CONSTRAINT `fk_Sales_Customer` FOREIGN KEY (`CustomerID`) REFERENCES `customer` (`CustomerID`),
  CONSTRAINT `fk_Sales_Date` FOREIGN KEY (`DateID`) REFERENCES `orderdate` (`OrderDateID`),
  CONSTRAINT `fk_Sales_Order` FOREIGN KEY (`OrderNumber`, `OrderLineNumber`) REFERENCES `orders` (`OrderNumber`, `OrderLineNumber`),
  CONSTRAINT `fk_Sales_Product1` FOREIGN KEY (`ProductID`) REFERENCES `product` (`ProductID`)
) ENGINE=InnoDB AUTO_INCREMENT=2824 DEFAULT CHARSET=utf8mb4 COLLATE=utf8mb4_0900_ai_ci;
/*!40101 SET character_set_client = @saved_cs_client */;

--
-- Dumping data for table `sales`
--

LOCK TABLES `sales` WRITE;
/*!40000 ALTER TABLE `sales` DISABLE KEYS */;
INSERT INTO `sales` VALUES (1,10107,2,1,'S10_1678',1,1,2871,'Small'),(2,10121,5,2,'S10_1678',2,2,2766,'Small'),(3,10134,2,3,'S10_1678',3,3,3884,'Medium'),(4,10145,6,4,'S10_1678',4,4,3747,'Medium'),(5,10159,14,5,'S10_1678',5,5,5205,'Medium'),(6,10168,1,6,'S10_1678',6,6,3480,'Medium'),(7,10180,9,7,'S10_1678',7,7,2498,'Small'),(8,10188,1,8,'S10_1678',8,8,5512,'Medium'),(9,10201,2,3,'S10_1678',9,9,2169,'Small'),(10,10211,14,2,'S10_1678',10,10,4708,'Medium'),(11,10223,1,9,'S10_1678',11,11,3966,'Medium'),(12,10237,7,1,'S10_1678',12,12,2333,'Small'),(13,10251,2,10,'S10_1678',13,13,3189,'Medium'),(14,10263,2,11,'S10_1678',14,14,3677,'Medium'),(15,10275,1,12,'S10_1678',15,15,4177,'Medium'),(16,10285,6,13,'S10_1678',16,16,4100,'Medium'),(17,10299,9,14,'S10_1678',17,17,2597,'Small'),(18,10309,5,15,'S10_1678',18,18,4394,'Medium'),(19,10318,1,16,'S10_1678',19,19,4358,'Medium'),(20,10329,1,1,'S10_1678',1,20,4396,'Medium'),(21,10341,9,17,'S10_1678',20,21,7738,'Large'),(22,10361,13,18,'S10_1678',21,22,1451,'Small'),(23,10375,12,2,'S10_1678',15,23,733,'Small'),(24,10388,4,19,'S10_1678',22,24,3207,'Medium'),(25,10403,7,20,'S10_1678',23,25,2435,'Small'),(26,10417,2,21,'S10_1678',24,26,7516,'Large'),(27,10103,11,4,'S10_1949',18,27,5405,'Medium'),(28,10112,1,22,'S10_1949',25,28,7209,'Large'),(29,10126,11,14,'S10_1949',26,29,7329,'Large'),(30,10140,11,3,'S10_1949',6,30,7374,'Large'),(31,10150,8,23,'S10_1949',27,31,10994,'Large'),(32,10163,1,1,'S10_1949',28,32,4860,'Medium'),(33,10174,4,24,'S10_1949',29,33,8015,'Large'),(34,10183,8,25,'S10_1949',30,34,5373,'Medium'),(35,10194,11,26,'S10_1949',31,35,7290,'Large'),(36,10206,6,27,'S10_1949',32,36,9065,'Large'),(37,10215,3,28,'S10_1949',33,37,6075,'Medium'),(38,10228,2,8,'S10_1949',34,38,6463,'Medium'),(39,10245,9,29,'S10_1949',35,39,6120,'Medium'),(40,10258,6,30,'S10_1949',36,40,7681,'Large'),(41,10270,9,12,'S10_1949',21,41,4905,'Medium'),(42,10280,2,31,'S10_1949',37,42,8015,'Large'),(43,10291,11,32,'S10_1949',38,43,7136,'Large'),(44,10304,6,33,'S10_1949',39,44,10173,'Large'),(45,10312,3,34,'S10_1949',40,45,11624,'Large'),(46,10322,1,35,'S10_1949',41,46,6000,'Medium'),(47,10333,3,3,'S10_1949',9,47,3003,'Medium'),(48,10347,1,5,'S10_1949',11,48,3945,'Medium'),(49,10357,10,3,'S10_1949',40,49,5692,'Medium'),(50,10369,2,36,'S10_1949',42,50,4515,'Medium'),(51,10381,3,3,'S10_1949',5,51,8255,'Large'),(52,10391,4,37,'S10_1949',43,52,2417,'Small'),(53,10411,9,38,'S10_1949',44,53,4140,'Medium'),(54,10424,6,14,'S10_1949',24,54,12001,'Large'),(55,10107,5,1,'S10_2016',1,1,3896,'Medium'),(56,10120,3,5,'S10_2016',11,55,2794,'Small'),(57,10134,5,2,'S10_2016',3,3,3308,'Medium'),(58,10145,9,3,'S10_2016',4,4,5193,'Medium'),(59,10159,17,3,'S10_2016',5,5,5017,'Medium'),(60,10168,4,3,'S10_2016',6,6,3661,'Medium'),(61,10180,12,2,'S10_2016',7,7,4696,'Medium'),(62,10188,4,4,'S10_2016',8,8,3661,'Medium'),(63,10201,5,3,'S10_2016',9,9,3026,'Medium'),(64,10210,2,39,'S10_2016',45,56,3009,'Medium'),(65,10223,4,5,'S10_2016',11,11,5422,'Medium'),(66,10236,1,10,'S10_2016',46,57,2852,'Small'),(67,10251,5,6,'S10_2016',13,13,5757,'Medium'),(68,10263,5,7,'S10_2016',14,14,4472,'Medium'),(69,10275,4,2,'S10_2016',15,15,2904,'Small'),(70,10285,9,8,'S10_2016',16,16,6485,'Medium'),(71,10298,1,2,'S10_2016',47,58,3757,'Medium'),(72,10308,2,40,'S10_2016',48,18,4044,'Medium'),(73,10318,4,10,'S10_2016',19,19,5567,'Medium'),(74,10329,2,1,'S10_2016',1,20,3176,'Medium'),(75,10339,4,19,'S10_2016',36,59,2757,'Small'),(76,10361,8,12,'S10_2016',21,22,1330,'Small'),(77,10374,5,17,'S10_2016',29,60,5288,'Medium'),(78,10388,5,8,'S10_2016',22,24,2226,'Small'),(79,10402,1,2,'S10_2016',10,61,5834,'Medium'),(80,10417,5,14,'S10_2016',24,26,5887,'Medium'),(81,10107,4,1,'S10_4698',1,1,6066,'Medium'),(82,10120,2,5,'S10_4698',11,55,9265,'Large'),(83,10134,4,2,'S10_4698',3,3,7024,'Large'),(84,10145,8,3,'S10_4698',4,4,5176,'Medium'),(85,10159,16,3,'S10_4698',5,5,4133,'Medium'),(86,10168,3,3,'S10_4698',6,6,4183,'Medium'),(87,10180,11,2,'S10_4698',7,7,8893,'Large'),(88,10188,3,4,'S10_4698',8,8,8715,'Large'),(89,10201,4,3,'S10_4698',9,9,8066,'Large'),(90,10210,1,23,'S10_4698',45,56,6123,'Medium'),(91,10223,3,5,'S10_4698',11,11,9774,'Large'),(92,10237,9,1,'S10_4698',12,12,7024,'Large'),(93,10251,4,6,'S10_4698',13,13,7078,'Large'),(94,10263,4,7,'S10_4698',14,14,8337,'Large'),(95,10275,3,2,'S10_4698',15,15,6902,'Medium'),(96,10285,8,8,'S10_4698',16,16,5438,'Medium'),(97,10299,11,9,'S10_4698',17,17,6683,'Medium'),(98,10308,1,1,'S10_4698',48,18,4570,'Medium'),(99,10318,3,10,'S10_4698',19,19,7667,'Large'),(100,10329,3,1,'S10_4698',1,20,5868,'Medium'),(101,10339,3,19,'S10_4698',36,59,2990,'Small'),(102,10362,4,3,'S10_4698',6,62,3664,'Medium'),(103,10374,1,17,'S10_4698',29,60,3834,'Medium'),(104,10388,7,8,'S10_4698',22,24,1822,'Small'),(105,10403,9,13,'S10_4698',23,25,11887,'Large'),(106,10417,4,14,'S10_4698',24,26,9218,'Large'),(107,10105,2,41,'S10_4757',49,63,7208,'Large'),(108,10119,11,11,'S10_4757',20,64,5005,'Medium'),(109,10129,2,42,'S10_4757',50,65,4398,'Medium'),(110,10143,15,8,'S10_4757',51,66,5598,'Medium'),(111,10155,13,9,'S10_4757',17,67,4526,'Medium'),(112,10167,9,15,'S10_4757',38,68,5924,'Medium'),(113,10178,12,43,'S10_4757',52,69,3492,'Medium'),(114,10186,9,13,'S10_4757',53,70,3854,'Medium'),(115,10197,6,44,'S10_4757',54,71,5324,'Medium'),(116,10209,8,45,'S10_4757',55,72,5198,'Medium'),(117,10222,12,46,'S10_4757',56,73,5998,'Medium'),(118,10248,3,1,'S10_4757',1,74,2910,'Small'),(119,10261,1,22,'S10_4757',44,75,3378,'Medium'),(120,10273,4,47,'S10_4757',57,76,3509,'Medium'),(121,10283,6,48,'S10_4757',58,77,2992,'Small'),(122,10295,1,49,'S10_4757',59,78,3427,'Medium'),(123,10307,9,10,'S10_4757',30,79,2693,'Small'),(124,10316,17,50,'S10_4757',60,80,4129,'Medium'),(125,10325,6,4,'S10_4757',18,81,3052,'Medium'),(126,10337,8,1,'S10_4757',28,82,1201,'Small'),(127,10350,5,14,'S10_4757',24,83,1962,'Small'),(128,10359,6,2,'S10_4757',2,84,2625,'Small'),(129,10373,3,51,'S10_4757',61,85,4046,'Medium'),(130,10384,4,3,'S10_4757',5,86,4847,'Medium'),(131,10395,2,2,'S10_4757',3,87,3371,'Medium'),(132,10400,9,52,'S10_4757',62,88,9661,'Large'),(133,10414,3,8,'S10_4757',59,89,2765,'Small'),(134,10103,4,4,'S10_4962',18,27,5398,'Medium'),(135,10114,8,2,'S10_4962',63,90,4305,'Medium'),(136,10126,4,14,'S10_4962',26,29,3348,'Medium'),(137,10140,4,3,'S10_4962',6,30,3188,'Medium'),(138,10150,1,16,'S10_4962',27,31,3191,'Medium'),(139,10164,2,53,'S10_4962',64,91,3537,'Medium'),(140,10175,9,13,'S10_4962',50,33,5363,'Medium'),(141,10183,1,10,'S10_4962',30,34,3433,'Medium'),(142,10194,4,2,'S10_4962',31,35,4264,'Medium'),(143,10207,15,8,'S10_4962',65,92,4076,'Medium'),(144,10217,4,16,'S10_4962',66,93,7020,'Large'),(145,10229,9,3,'S10_4962',40,94,6427,'Medium'),(146,10245,2,7,'S10_4962',35,39,4592,'Medium'),(147,10259,12,16,'S10_4962',66,40,4033,'Medium'),(148,10270,2,12,'S10_4962',21,41,4302,'Medium'),(149,10281,9,10,'S10_4962',19,95,7021,'Large'),(150,10291,4,15,'S10_4962',38,43,3856,'Medium'),(151,10305,13,8,'S10_4962',16,96,6681,'Medium'),(152,10313,7,18,'S10_4962',32,97,6678,'Medium'),(153,10322,8,21,'S10_4962',41,46,2852,'Small'),(154,10334,2,15,'S10_4962',25,98,3188,'Medium'),(155,10347,2,5,'S10_4962',11,48,4428,'Medium'),(156,10357,9,3,'S10_4962',40,49,5781,'Medium'),(157,10370,4,12,'S10_4962',43,50,2297,'Small'),(158,10381,6,3,'S10_4962',5,51,6232,'Medium'),(159,10391,7,12,'S10_4962',43,52,1735,'Small'),(160,10411,2,22,'S10_4962',44,53,4428,'Medium'),(161,10425,12,2,'S10_4962',15,54,5895,'Medium'),(162,10108,6,54,'S12_1099',67,99,5265,'Medium'),(163,10122,10,55,'S12_1099',68,100,7600,'Large'),(164,10135,7,3,'S12_1099',40,101,8009,'Large'),(165,10147,7,8,'S12_1099',42,102,9246,'Large'),(166,10159,2,3,'S12_1099',5,5,8296,'Large'),(167,10169,2,12,'S12_1099',43,103,5020,'Medium'),(168,10181,14,4,'S12_1099',8,104,5411,'Medium'),(169,10191,3,56,'S12_1099',69,105,3841,'Medium'),(170,10203,8,14,'S12_1099',24,106,3930,'Medium'),(171,10211,2,2,'S12_1099',10,10,7499,'Large'),(172,10225,9,57,'S12_1099',70,107,4518,'Medium'),(173,10238,3,24,'S12_1099',49,108,5775,'Medium'),(174,10253,13,13,'S12_1099',23,109,3923,'Medium'),(175,10266,14,58,'S12_1099',71,110,9160,'Large'),(176,10276,3,8,'S12_1099',72,111,9631,'Large'),(177,10287,12,29,'S12_1099',70,112,3432,'Medium'),(178,10300,5,59,'S12_1099',73,113,5522,'Medium'),(179,10310,10,28,'S12_1099',69,114,6935,'Medium'),(180,10320,3,15,'S12_1099',25,115,6876,'Medium'),(181,10329,5,1,'S12_1099',1,20,2930,'Small'),(182,10341,2,11,'S12_1099',20,21,3584,'Medium'),(183,10363,3,60,'S12_1099',74,116,2818,'Small'),(184,10375,7,2,'S12_1099',15,23,3420,'Medium'),(185,10389,4,15,'S12_1099',38,24,2575,'Small'),(186,10419,13,11,'S12_1099',20,117,1961,'Small'),(187,10105,15,24,'S12_1108',49,63,8690,'Large'),(188,10117,9,16,'S12_1108',27,118,6034,'Medium'),(189,10127,2,1,'S12_1108',75,119,11279,'Large'),(190,10142,12,3,'S12_1108',40,120,8023,'Large'),(191,10153,11,14,'S12_1108',24,121,4904,'Medium'),(192,10165,3,16,'S12_1108',27,122,8595,'Large'),(193,10176,2,20,'S12_1108',71,33,7475,'Large'),(194,10185,13,8,'S12_1108',51,70,3884,'Medium'),(195,10196,5,7,'S12_1108',35,71,8888,'Large'),(196,10208,13,2,'S12_1108',31,123,8603,'Large'),(197,10220,2,61,'S12_1108',76,124,7181,'Large'),(198,10231,2,14,'S12_1108',77,125,8379,'Large'),(199,10247,2,9,'S12_1108',74,126,10606,'Large'),(200,10272,2,10,'S12_1108',19,127,5818,'Medium'),(201,10282,5,3,'S12_1108',40,77,7071,'Large'),(202,10293,8,20,'S12_1108',37,128,8412,'Large'),(203,10306,13,62,'S12_1108',78,79,6571,'Medium'),(204,10314,5,63,'S12_1108',79,97,7975,'Large'),(205,10325,8,4,'S12_1108',18,81,2688,'Small'),(206,10336,10,2,'S12_1108',63,129,1888,'Small'),(207,10348,8,14,'S12_1108',26,80,2513,'Small'),(208,10359,8,2,'S12_1108',2,84,4764,'Medium'),(209,10371,6,3,'S12_1108',40,130,3561,'Medium'),(210,10382,10,3,'S12_1108',40,51,3824,'Medium'),(211,10395,1,2,'S12_1108',3,87,2281,'Small'),(212,10413,2,7,'S12_1108',14,131,8678,'Large'),(213,10103,8,4,'S12_1666',18,27,3395,'Medium'),(214,10113,2,3,'S12_1666',40,132,3415,'Medium'),(215,10126,8,14,'S12_1666',26,29,2440,'Small'),(216,10140,8,3,'S12_1666',6,30,4830,'Medium'),(217,10150,5,16,'S12_1666',27,31,4100,'Medium'),(218,10164,6,11,'S12_1666',64,91,6563,'Medium'),(219,10174,1,17,'S12_1666',29,33,6817,'Medium'),(220,10183,5,10,'S12_1666',30,34,6164,'Medium'),(221,10194,8,2,'S12_1666',31,35,4934,'Medium'),(222,10206,3,18,'S12_1666',32,36,4056,'Medium'),(223,10216,1,2,'S12_1666',39,133,5759,'Medium'),(224,10229,13,3,'S12_1666',40,94,3451,'Medium'),(225,10245,6,7,'S12_1666',35,39,5920,'Medium'),(226,10258,3,19,'S12_1666',36,40,6668,'Medium'),(227,10270,6,12,'S12_1666',21,41,4095,'Medium'),(228,10281,13,10,'S12_1666',19,95,2939,'Small'),(229,10291,8,15,'S12_1666',38,43,6388,'Medium'),(230,10304,3,2,'S12_1666',39,44,6396,'Medium'),(231,10313,11,18,'S12_1666',32,97,2669,'Small'),(232,10322,9,21,'S12_1666',41,46,4784,'Medium'),(233,10333,6,3,'S12_1666',9,47,3274,'Medium'),(234,10347,3,5,'S12_1666',11,48,3586,'Medium'),(235,10357,8,3,'S12_1666',40,49,5960,'Medium'),(236,10370,8,12,'S12_1666',43,50,8470,'Large'),(237,10381,1,3,'S12_1666',5,51,2952,'Small'),(238,10391,9,12,'S12_1666',43,52,2465,'Small'),(239,10411,6,22,'S12_1666',44,53,6232,'Medium'),(240,10424,3,14,'S12_1666',24,54,7969,'Large'),(241,10107,1,1,'S12_2823',1,1,3037,'Medium'),(242,10121,4,2,'S12_2823',2,2,8284,'Large'),(243,10134,1,2,'S12_2823',3,3,2711,'Small'),(244,10145,5,3,'S12_2823',4,4,8340,'Large'),(245,10159,13,3,'S12_2823',5,5,6239,'Medium'),(246,10169,13,12,'S12_2823',43,103,4639,'Medium'),(247,10180,8,2,'S12_2823',7,7,6748,'Medium'),(248,10189,1,3,'S12_2823',4,8,4512,'Medium'),(249,10201,1,3,'S12_2823',9,9,4029,'Medium'),(250,10211,13,2,'S12_2823',10,10,4772,'Medium'),(251,10224,6,2,'S12_2823',7,134,6088,'Medium'),(252,10237,6,1,'S12_2823',12,12,4193,'Medium'),(253,10251,1,6,'S12_2823',13,13,7552,'Large'),(254,10263,1,7,'S12_2823',14,14,6434,'Medium'),(255,10276,14,8,'S12_2823',72,111,5182,'Medium'),(256,10285,5,8,'S12_2823',16,16,6864,'Medium'),(257,10299,8,9,'S12_2823',17,17,4157,'Medium'),(258,10309,4,4,'S12_2823',18,18,4660,'Medium'),(259,10319,9,1,'S12_2823',80,115,4112,'Medium'),(260,10329,6,1,'S12_2823',1,20,3543,'Medium'),(261,10341,8,11,'S12_2823',20,21,8119,'Large'),(262,10362,1,3,'S12_2823',6,62,3877,'Medium'),(263,10375,13,2,'S12_2823',15,23,3867,'Medium'),(264,10388,6,8,'S12_2823',22,24,5951,'Medium'),(265,10403,6,13,'S12_2823',23,25,8649,'Large'),(266,10417,1,14,'S12_2823',24,26,3448,'Medium'),(267,10104,1,14,'S12_3148',24,135,5959,'Medium'),(268,10117,10,16,'S12_3148',27,118,5912,'Medium'),(269,10127,3,1,'S12_3148',75,119,7366,'Large'),(270,10142,13,3,'S12_3148',40,120,4986,'Medium'),(271,10153,12,14,'S12_3148',24,121,5394,'Medium'),(272,10165,4,16,'S12_3148',27,122,4880,'Medium'),(273,10176,3,20,'S12_3148',71,33,8379,'Large'),(274,10185,14,8,'S12_3148',51,70,4038,'Medium'),(275,10196,6,7,'S12_3148',35,71,3807,'Medium'),(276,10208,14,2,'S12_3148',31,123,3142,'Medium'),(277,10220,3,30,'S12_3148',76,124,4714,'Medium'),(278,10230,1,28,'S12_3148',73,136,7016,'Large'),(279,10247,3,9,'S12_3148',74,126,4381,'Medium'),(280,10272,3,10,'S12_3148',19,127,4283,'Medium'),(281,10282,6,3,'S12_3148',40,77,4365,'Medium'),(282,10293,9,20,'S12_3148',37,128,4242,'Medium'),(283,10306,14,13,'S12_3148',78,79,4983,'Medium'),(284,10314,6,24,'S12_3148',79,97,6394,'Medium'),(285,10324,1,1,'S12_3148',12,81,1467,'Small'),(286,10336,11,2,'S12_3148',63,129,4059,'Medium'),(287,10348,4,14,'S12_3148',26,80,4802,'Medium'),(288,10358,5,14,'S12_3148',24,49,2712,'Small'),(289,10372,4,19,'S12_3148',36,137,5862,'Medium'),(290,10382,11,3,'S12_3148',40,51,4072,'Medium'),(291,10413,3,7,'S12_3148',14,131,8237,'Large'),(292,10108,4,27,'S12_3380',67,99,6130,'Medium'),(293,10122,8,2,'S12_3380',68,100,3693,'Medium'),(294,10135,5,3,'S12_3380',40,101,6032,'Medium'),(295,10147,5,8,'S12_3380',42,102,3495,'Medium'),(296,10160,6,3,'S12_3380',55,138,5294,'Medium'),(297,10170,4,11,'S12_3380',64,103,5465,'Medium'),(298,10181,12,4,'S12_3380',8,104,2861,'Small'),(299,10191,1,28,'S12_3380',69,105,5590,'Medium'),(300,10203,6,14,'S12_3380',24,106,2255,'Small'),(301,10212,16,14,'S12_3380',24,139,4947,'Medium'),(302,10225,7,29,'S12_3380',70,107,2496,'Small'),(303,10238,1,24,'S12_3380',49,108,3167,'Medium'),(304,10253,11,13,'S12_3380',23,109,2403,'Small'),(305,10266,12,20,'S12_3380',71,110,2455,'Small'),(306,10276,1,8,'S12_3380',72,111,5465,'Medium'),(307,10287,10,29,'S12_3380',70,112,4757,'Medium'),(308,10300,3,28,'S12_3380',73,113,3985,'Medium'),(309,10310,8,28,'S12_3380',69,114,3100,'Medium'),(310,10320,1,15,'S12_3380',25,115,4850,'Medium'),(311,10329,13,1,'S12_3380',1,20,3847,'Medium'),(312,10341,1,11,'S12_3380',20,21,4221,'Medium'),(313,10363,4,9,'S12_3380',74,116,3289,'Medium'),(314,10376,1,64,'S12_3380',81,140,3987,'Medium'),(315,10389,6,15,'S12_3380',38,24,1810,'Small'),(316,10419,11,11,'S12_3380',20,117,1092,'Small'),(317,10105,14,24,'S12_3891',49,63,4566,'Medium'),(318,10117,8,16,'S12_3891',27,118,5938,'Medium'),(319,10127,1,1,'S12_3891',75,119,8139,'Large'),(320,10142,11,3,'S12_3891',40,120,9471,'Large'),(321,10153,10,14,'S12_3891',24,121,7037,'Large'),(322,10165,2,16,'S12_3891',27,122,5559,'Medium'),(323,10176,1,20,'S12_3891',71,33,7873,'Large'),(324,10185,12,8,'S12_3891',51,70,7886,'Large'),(325,10196,4,7,'S12_3891',35,71,7232,'Large'),(326,10208,12,2,'S12_3891',31,123,3114,'Medium'),(327,10220,1,30,'S12_3891',76,124,5045,'Medium'),(328,10231,1,14,'S12_3891',77,125,6952,'Medium'),(329,10247,1,9,'S12_3891',74,126,4158,'Medium'),(330,10272,1,10,'S12_3891',19,127,7962,'Large'),(331,10282,4,3,'S12_3891',40,77,3779,'Medium'),(332,10293,7,20,'S12_3891',37,128,8253,'Large'),(333,10306,12,13,'S12_3891',78,79,3633,'Medium'),(334,10314,4,24,'S12_3891',79,97,6914,'Medium'),(335,10325,1,4,'S12_3891',18,81,2584,'Small'),(336,10336,1,2,'S12_3891',63,129,3106,'Medium'),(337,10349,10,1,'S12_3891',75,141,4409,'Medium'),(338,10359,5,2,'S12_3891',2,84,3042,'Medium'),(339,10372,1,19,'S12_3891',36,137,5942,'Medium'),(340,10382,12,3,'S12_3891',40,51,3242,'Medium'),(341,10396,3,3,'S12_3891',40,142,6109,'Medium'),(342,10413,1,7,'S12_3891',14,131,3388,'Medium'),(343,10108,7,27,'S12_3990',67,99,3486,'Medium'),(344,10122,11,2,'S12_3990',68,100,2043,'Small'),(345,10135,8,3,'S12_3990',40,101,1800,'Small'),(346,10147,8,8,'S12_3990',42,102,1341,'Small'),(347,10159,3,3,'S12_3990',5,5,1762,'Small'),(348,10169,3,12,'S12_3990',43,103,2298,'Small'),(349,10181,15,4,'S12_3990',8,104,1628,'Small'),(350,10191,4,28,'S12_3990',69,105,1939,'Small'),(351,10203,9,14,'S12_3990',24,106,3652,'Medium'),(352,10211,3,2,'S12_3990',10,10,2592,'Small'),(353,10225,10,29,'S12_3990',70,107,2864,'Small'),(354,10238,4,24,'S12_3990',49,108,1484,'Small'),(355,10253,14,13,'S12_3990',23,109,2254,'Small'),(356,10266,15,20,'S12_3990',71,110,2681,'Small'),(357,10276,4,8,'S12_3990',72,111,3184,'Medium'),(358,10287,13,29,'S12_3990',70,112,2847,'Small'),(359,10300,6,28,'S12_3990',73,113,1685,'Small'),(360,10310,11,28,'S12_3990',69,114,3989,'Medium'),(361,10320,4,15,'S12_3990',25,115,2790,'Small'),(362,10329,14,1,'S12_3990',1,20,3608,'Medium'),(363,10341,10,11,'S12_3990',20,21,3368,'Medium'),(364,10363,5,9,'S12_3990',74,116,2775,'Small'),(365,10377,5,9,'S12_3990',17,143,1628,'Small'),(366,10389,7,15,'S12_3990',38,24,2529,'Small'),(367,10419,14,11,'S12_3990',20,117,3066,'Medium'),(368,10104,9,14,'S12_4473',24,135,4616,'Medium'),(369,10115,5,1,'S12_4473',28,144,5724,'Medium'),(370,10127,11,1,'S12_4473',75,119,2560,'Small'),(371,10141,5,9,'S12_4473',74,145,2140,'Small'),(372,10151,3,9,'S12_4473',61,146,3328,'Medium'),(373,10165,12,16,'S12_4473',27,122,6826,'Medium'),(374,10175,1,13,'S12_4473',50,33,3543,'Medium'),(375,10184,6,65,'S12_4473',82,70,4516,'Medium'),(376,10195,6,1,'S12_4473',48,35,6445,'Medium'),(377,10207,7,8,'S12_4473',65,92,3384,'Medium'),(378,10219,2,66,'S12_4473',83,147,4892,'Medium'),(379,10229,1,3,'S12_4473',40,94,4522,'Medium'),(380,10246,5,14,'S12_4473',24,126,5070,'Medium'),(381,10259,4,16,'S12_4473',66,40,6541,'Medium'),(382,10271,5,3,'S12_4473',40,127,3012,'Medium'),(383,10281,1,10,'S12_4473',19,95,5247,'Medium'),(384,10292,8,1,'S12_4473',1,43,2215,'Small'),(385,10305,5,8,'S12_4473',16,96,4773,'Medium'),(386,10314,14,24,'S12_4473',79,97,6186,'Medium'),(387,10324,7,1,'S12_4473',12,81,1518,'Small'),(388,10336,3,2,'S12_4473',63,129,6373,'Medium'),(389,10349,9,1,'S12_4473',75,141,5233,'Medium'),(390,10358,9,14,'S12_4473',24,49,2695,'Small'),(391,10371,4,3,'S12_4473',40,130,1750,'Small'),(392,10382,13,3,'S12_4473',40,51,2131,'Small'),(393,10412,5,14,'S12_4473',24,148,5951,'Medium'),(394,10425,4,2,'S12_4473',15,54,4693,'Medium'),(395,10108,3,27,'S12_4675',67,99,3731,'Medium'),(396,10122,7,2,'S12_4675',68,100,2142,'Small'),(397,10135,4,3,'S12_4675',40,101,2839,'Small'),(398,10147,4,8,'S12_4675',42,102,3230,'Medium'),(399,10160,5,3,'S12_4675',55,138,5182,'Medium'),(400,10170,3,11,'S12_4675',64,103,4391,'Medium'),(401,10181,11,4,'S12_4675',8,104,4477,'Medium'),(402,10192,16,21,'S12_4675',41,105,3545,'Medium'),(403,10203,5,14,'S12_4675',24,106,5196,'Medium'),(404,10212,15,14,'S12_4675',24,139,4180,'Medium'),(405,10225,6,29,'S12_4675',70,107,2684,'Small'),(406,10239,5,9,'S12_4675',61,149,1959,'Small'),(407,10253,10,13,'S12_4675',23,109,4911,'Medium'),(408,10266,11,20,'S12_4675',71,110,4468,'Medium'),(409,10277,1,16,'S12_4675',27,150,3128,'Medium'),(410,10287,9,29,'S12_4675',70,112,2675,'Small'),(411,10300,2,28,'S12_4675',73,113,2808,'Small'),(412,10310,7,28,'S12_4675',69,114,2505,'Small'),(413,10321,15,8,'S12_4675',22,46,2985,'Small'),(414,10329,15,1,'S12_4675',1,20,2525,'Small'),(415,10341,7,11,'S12_4675',20,21,4136,'Medium'),(416,10363,6,9,'S12_4675',74,116,4069,'Medium'),(417,10377,1,9,'S12_4675',17,143,5182,'Medium'),(418,10389,8,15,'S12_4675',38,24,5244,'Medium'),(419,10405,5,67,'S12_4675',84,151,9048,'Large'),(420,10419,10,11,'S12_4675',20,117,3833,'Medium'),(421,10103,10,4,'S18_1097',18,27,3920,'Medium'),(422,10113,4,3,'S18_1097',40,132,4917,'Medium'),(423,10126,10,14,'S18_1097',26,29,3857,'Medium'),(424,10140,10,3,'S18_1097',6,30,4181,'Medium'),(425,10150,7,16,'S18_1097',27,31,4641,'Medium'),(426,10164,8,11,'S18_1097',64,91,3570,'Medium'),(427,10174,3,17,'S18_1097',29,33,4480,'Medium'),(428,10183,7,10,'S18_1097',30,34,2034,'Small'),(429,10194,10,2,'S18_1097',31,35,1960,'Small'),(430,10206,5,18,'S18_1097',32,36,3967,'Medium'),(431,10215,2,3,'S18_1097',33,37,5152,'Medium'),(432,10228,1,8,'S18_1097',34,38,3360,'Medium'),(433,10245,8,7,'S18_1097',35,39,3451,'Medium'),(434,10258,5,19,'S18_1097',36,40,5453,'Medium'),(435,10270,8,12,'S18_1097',21,41,4164,'Medium'),(436,10280,1,20,'S18_1097',37,42,2800,'Small'),(437,10291,10,15,'S18_1097',38,43,4688,'Medium'),(438,10304,5,2,'S18_1097',39,44,4508,'Medium'),(439,10312,2,3,'S18_1097',40,45,4181,'Medium'),(440,10322,10,21,'S18_1097',41,46,2251,'Small'),(441,10333,7,3,'S18_1097',9,47,1167,'Small'),(442,10347,5,5,'S18_1097',11,48,2083,'Small'),(443,10357,1,3,'S18_1097',40,49,3822,'Medium'),(444,10370,1,12,'S18_1097',43,50,3911,'Medium'),(445,10381,2,3,'S18_1097',5,51,4704,'Medium'),(446,10391,10,12,'S18_1097',43,52,2468,'Small'),(447,10411,8,22,'S18_1097',44,53,3213,'Medium'),(448,10424,5,14,'S18_1097',24,54,7182,'Large'),(449,10109,4,10,'S18_1129',46,152,4379,'Medium'),(450,10122,2,2,'S18_1129',68,100,5005,'Medium'),(451,10136,2,2,'S18_1129',52,153,3645,'Medium'),(452,10148,13,12,'S18_1129',43,154,2702,'Small'),(453,10161,12,24,'S18_1129',79,155,3765,'Medium'),(454,10171,2,22,'S18_1129',44,156,4508,'Medium'),(455,10181,6,4,'S18_1129',8,104,5418,'Medium'),(456,10192,11,21,'S18_1129',41,105,3301,'Medium'),(457,10204,17,1,'S18_1129',75,106,6182,'Medium'),(458,10212,10,14,'S18_1129',24,139,4187,'Medium'),(459,10225,1,29,'S18_1129',70,107,4529,'Medium'),(460,10240,3,23,'S18_1129',45,157,5629,'Medium'),(461,10253,5,13,'S18_1129',23,109,3054,'Medium'),(462,10266,6,20,'S18_1129',71,110,2527,'Small'),(463,10278,6,68,'S18_1129',85,158,4668,'Medium'),(464,10287,4,29,'S18_1129',70,112,6499,'Medium'),(465,10301,8,69,'S18_1129',86,159,5918,'Medium'),(466,10310,2,28,'S18_1129',69,114,6232,'Medium'),(467,10321,10,8,'S18_1129',22,46,5803,'Medium'),(468,10331,6,10,'S18_1129',46,160,6434,'Medium'),(469,10342,2,5,'S18_1129',11,21,6454,'Medium'),(470,10356,8,2,'S18_1129',3,161,4197,'Medium'),(471,10365,1,8,'S18_1129',51,162,2612,'Small'),(472,10377,2,9,'S18_1129',17,143,5895,'Medium'),(473,10390,14,3,'S18_1129',40,163,3376,'Medium'),(474,10406,3,24,'S18_1129',49,164,8375,'Large'),(475,10419,5,11,'S18_1129',20,117,4464,'Medium'),(476,10102,2,1,'S18_1342',12,165,4808,'Medium'),(477,10111,6,3,'S18_1342',9,166,3289,'Medium'),(478,10125,1,5,'S18_1342',11,167,3255,'Medium'),(479,10139,7,12,'S18_1342',21,168,3185,'Medium'),(480,10149,4,3,'S18_1342',83,169,5908,'Medium'),(481,10162,2,3,'S18_1342',5,170,4389,'Medium'),(482,10173,6,70,'S18_1342',87,156,5036,'Medium'),(483,10182,3,3,'S18_1342',40,104,2183,'Small'),(484,10193,7,71,'S18_1342',88,171,3107,'Medium'),(485,10205,2,14,'S18_1342',24,172,3736,'Medium'),(486,10215,10,3,'S18_1342',33,37,2413,'Small'),(487,10227,3,2,'S18_1342',31,173,2954,'Small'),(488,10244,7,14,'S18_1342',24,174,4685,'Medium'),(489,10256,2,24,'S18_1342',49,175,3249,'Medium'),(490,10280,9,20,'S18_1342',37,42,5240,'Medium'),(491,10289,2,4,'S18_1342',8,176,4568,'Medium'),(492,10304,13,2,'S18_1342',39,44,3535,'Medium'),(493,10312,10,3,'S18_1342',40,45,3843,'Medium'),(494,10322,14,21,'S18_1342',41,46,3711,'Medium'),(495,10332,15,13,'S18_1342',78,160,4376,'Medium'),(496,10346,3,31,'S18_1342',85,48,1517,'Small'),(497,10356,9,2,'S18_1342',3,161,2509,'Small'),(498,10369,8,8,'S18_1342',42,50,9240,'Large'),(499,10380,13,14,'S18_1342',24,177,2515,'Small'),(500,10391,2,12,'S18_1342',43,52,5549,'Medium'),(501,10422,2,10,'S18_1342',19,178,4873,'Medium'),(502,10102,1,1,'S18_1367',12,165,2056,'Small'),(503,10111,5,3,'S18_1367',9,166,2355,'Small'),(504,10126,17,14,'S18_1367',26,29,2310,'Small'),(505,10139,6,12,'S18_1367',21,168,2113,'Small'),(506,10149,3,3,'S18_1367',83,169,1747,'Small'),(507,10162,1,3,'S18_1367',5,170,2304,'Small'),(508,10173,5,20,'S18_1367',87,156,2122,'Small'),(509,10182,2,3,'S18_1367',40,104,1742,'Small'),(510,10193,6,5,'S18_1367',88,171,2455,'Small'),(511,10205,1,14,'S18_1367',24,172,3053,'Medium'),(512,10215,9,3,'S18_1367',33,37,1423,'Small'),(513,10227,2,2,'S18_1367',31,173,1504,'Small'),(514,10244,6,14,'S18_1367',24,174,1164,'Small'),(515,10256,1,24,'S18_1367',49,175,1501,'Small'),(516,10280,8,20,'S18_1367',37,42,1557,'Small'),(517,10289,1,4,'S18_1367',8,176,1346,'Small'),(518,10304,12,2,'S18_1367',39,44,1795,'Small'),(519,10312,9,3,'S18_1367',40,45,1105,'Small'),(520,10322,5,21,'S18_1367',41,46,2365,'Small'),(521,10332,16,13,'S18_1367',78,160,2427,'Small'),(522,10347,7,5,'S18_1367',11,48,1238,'Small'),(523,10356,6,2,'S18_1367',3,161,1593,'Small'),(524,10369,7,8,'S18_1367',42,50,3156,'Medium'),(525,10381,9,3,'S18_1367',5,51,1321,'Small'),(526,10391,3,12,'S18_1367',43,52,4998,'Medium'),(527,10422,1,10,'S18_1367',19,178,1294,'Small'),(528,10110,16,13,'S18_1589',78,179,5433,'Medium'),(529,10123,2,2,'S18_1589',47,180,3074,'Medium'),(530,10137,2,2,'S18_1589',2,181,4380,'Medium'),(531,10148,9,12,'S18_1589',43,154,5849,'Medium'),(532,10161,8,24,'S18_1589',79,155,6154,'Medium'),(533,10172,6,7,'S18_1589',14,156,4965,'Medium'),(534,10181,2,4,'S18_1589',8,104,5436,'Medium'),(535,10192,7,21,'S18_1589',41,105,4258,'Medium'),(536,10204,13,1,'S18_1589',75,106,4032,'Medium'),(537,10212,6,14,'S18_1589',24,139,4492,'Medium'),(538,10226,4,3,'S18_1589',56,182,4161,'Medium'),(539,10241,11,2,'S18_1589',84,157,2509,'Small'),(540,10253,1,13,'S18_1589',23,109,3375,'Medium'),(541,10266,2,20,'S18_1589',71,110,5197,'Medium'),(542,10278,2,31,'S18_1589',85,158,2605,'Small'),(543,10288,14,16,'S18_1589',66,183,2937,'Small'),(544,10301,4,4,'S18_1589',86,159,3425,'Medium'),(545,10311,9,14,'S18_1589',24,114,2923,'Small'),(546,10321,6,8,'S18_1589',22,46,4490,'Medium'),(547,10331,14,10,'S18_1589',46,160,4849,'Medium'),(548,10343,4,2,'S18_1589',2,21,5849,'Medium'),(549,10367,1,3,'S18_1589',4,184,2759,'Small'),(550,10378,5,14,'S18_1589',24,185,1450,'Small'),(551,10407,11,3,'S18_1589',62,186,7048,'Large'),(552,10419,1,11,'S18_1589',20,117,5203,'Medium'),(553,10106,12,20,'S18_1662',87,187,5279,'Medium'),(554,10119,3,11,'S18_1662',20,64,6916,'Medium'),(555,10131,4,72,'S18_1662',89,188,2782,'Small'),(556,10143,7,8,'S18_1662',51,66,5248,'Medium'),(557,10155,5,9,'S18_1662',17,67,6531,'Medium'),(558,10167,1,15,'S18_1662',38,68,5764,'Medium'),(559,10178,4,2,'S18_1662',52,69,6491,'Medium'),(560,10186,1,13,'S18_1662',53,70,6005,'Medium'),(561,10198,4,27,'S18_1662',67,189,7484,'Large'),(562,10210,17,23,'S18_1662',45,56,5720,'Medium'),(563,10222,4,3,'S18_1662',56,73,6954,'Medium'),(564,10250,14,3,'S18_1662',62,190,8160,'Large'),(565,10262,9,14,'S18_1662',24,191,6568,'Medium'),(566,10274,1,8,'S18_1662',42,76,6724,'Medium'),(567,10284,11,4,'S18_1662',86,192,5748,'Medium'),(568,10296,7,73,'S18_1662',90,193,5677,'Medium'),(569,10307,1,10,'S18_1662',30,79,7380,'Large'),(570,10316,9,26,'S18_1662',60,80,3704,'Medium'),(571,10327,6,24,'S18_1662',49,194,2805,'Small'),(572,10338,1,74,'S18_1662',91,195,5625,'Medium'),(573,10351,1,13,'S18_1662',50,196,3881,'Medium'),(574,10373,4,9,'S18_1662',61,85,1611,'Small'),(575,10386,7,14,'S18_1662',24,197,1364,'Small'),(576,10398,11,2,'S18_1662',2,198,4215,'Medium'),(577,10400,1,3,'S18_1662',62,88,6434,'Medium'),(578,10416,14,20,'S18_1662',71,199,4352,'Medium'),(579,10100,3,21,'S18_1749',41,200,5151,'Medium'),(580,10110,7,13,'S18_1749',78,179,6069,'Medium'),(581,10124,6,31,'S18_1749',85,167,2856,'Small'),(582,10149,11,3,'S18_1749',83,169,5375,'Medium'),(583,10162,9,3,'S18_1749',5,170,5177,'Medium'),(584,10173,13,20,'S18_1749',87,156,3509,'Medium'),(585,10182,10,3,'S18_1749',40,104,7555,'Large'),(586,10193,14,5,'S18_1749',88,171,3142,'Medium'),(587,10204,4,1,'S18_1749',75,106,5891,'Medium'),(588,10214,7,14,'S18_1749',26,201,5967,'Medium'),(589,10227,10,2,'S18_1749',31,173,3713,'Medium'),(590,10241,2,2,'S18_1749',84,157,7597,'Large'),(591,10280,16,20,'S18_1749',37,42,3669,'Medium'),(592,10288,5,16,'S18_1749',66,183,5875,'Medium'),(593,10302,1,13,'S18_1749',23,67,7310,'Large'),(594,10312,17,3,'S18_1749',40,45,8078,'Large'),(595,10331,7,10,'S18_1749',46,160,3258,'Medium'),(596,10344,1,2,'S18_1749',68,202,7650,'Large'),(597,10367,3,3,'S18_1749',4,184,4704,'Medium'),(598,10379,2,14,'S18_1749',24,185,5400,'Medium'),(599,10407,2,3,'S18_1749',62,186,14083,'Large'),(600,10420,5,12,'S18_1749',21,203,5284,'Medium'),(601,10108,2,27,'S18_1889',67,99,3131,'Medium'),(602,10122,6,2,'S18_1889',68,100,3112,'Medium'),(603,10135,3,3,'S18_1889',40,101,3807,'Medium'),(604,10147,3,8,'S18_1889',42,102,2142,'Small'),(605,10160,4,3,'S18_1889',55,138,3365,'Medium'),(606,10170,2,11,'S18_1889',64,103,1263,'Small'),(607,10181,10,4,'S18_1889',8,104,1626,'Small'),(608,10192,15,21,'S18_1889',41,105,4089,'Medium'),(609,10203,4,14,'S18_1889',24,106,3846,'Medium'),(610,10212,14,14,'S18_1889',24,139,1340,'Small'),(611,10225,5,29,'S18_1889',70,107,3040,'Medium'),(612,10239,4,9,'S18_1889',61,149,3400,'Medium'),(613,10253,9,13,'S18_1889',23,109,1930,'Small'),(614,10266,10,20,'S18_1889',71,110,2465,'Small'),(615,10278,10,31,'S18_1889',85,158,2635,'Small'),(616,10287,8,29,'S18_1889',70,112,3625,'Medium'),(617,10300,1,28,'S18_1889',73,113,3788,'Medium'),(618,10310,6,28,'S18_1889',69,114,1833,'Small'),(619,10321,14,8,'S18_1889',22,46,2906,'Small'),(620,10329,9,1,'S18_1889',1,20,2955,'Small'),(621,10342,1,5,'S18_1889',11,21,3600,'Medium'),(622,10363,7,9,'S18_1889',74,116,3687,'Medium'),(623,10377,4,9,'S18_1889',17,143,2101,'Small'),(624,10389,3,15,'S18_1889',38,24,3882,'Medium'),(625,10405,4,2,'S18_1889',84,151,4509,'Medium'),(626,10419,9,11,'S18_1889',20,117,3273,'Medium'),(627,10109,3,10,'S18_1984',46,152,4433,'Medium'),(628,10122,1,2,'S18_1984',68,100,4101,'Medium'),(629,10136,1,2,'S18_1984',52,153,5275,'Medium'),(630,10148,12,12,'S18_1984',43,154,4232,'Medium'),(631,10161,11,24,'S18_1984',79,155,6145,'Medium'),(632,10171,1,22,'S18_1984',44,156,4680,'Medium'),(633,10181,5,4,'S18_1984',8,104,3286,'Medium'),(634,10192,10,21,'S18_1984',41,105,7421,'Large'),(635,10204,16,1,'S18_1984',75,106,6433,'Medium'),(636,10212,9,14,'S18_1984',24,139,4841,'Medium'),(637,10226,7,3,'S18_1984',56,182,3892,'Medium'),(638,10240,2,23,'S18_1984',45,157,5526,'Medium'),(639,10253,4,13,'S18_1984',23,109,4460,'Medium'),(640,10266,5,20,'S18_1984',71,110,6203,'Medium'),(641,10278,5,31,'S18_1984',85,158,3754,'Medium'),(642,10287,3,29,'S18_1984',70,112,3516,'Medium'),(643,10301,7,4,'S18_1984',86,159,7488,'Large'),(644,10310,1,28,'S18_1984',69,114,3448,'Medium'),(645,10321,9,8,'S18_1984',22,46,3734,'Medium'),(646,10331,8,10,'S18_1984',46,160,974,'Small'),(647,10342,3,5,'S18_1984',11,21,3161,'Medium'),(648,10356,2,2,'S18_1984',3,161,1747,'Small'),(649,10366,3,25,'S18_1984',91,204,4208,'Medium'),(650,10377,6,9,'S18_1984',17,143,4353,'Medium'),(651,10390,15,3,'S18_1984',40,163,1464,'Small'),(652,10406,2,24,'S18_1984',49,164,7169,'Large'),(653,10419,4,11,'S18_1984',20,117,4595,'Medium'),(654,10104,8,14,'S18_2238',24,135,3458,'Medium'),(655,10115,4,1,'S18_2238',28,144,7381,'Large'),(656,10127,10,1,'S18_2238',75,119,7147,'Large'),(657,10141,4,9,'S18_2238',74,145,5939,'Medium'),(658,10151,2,9,'S18_2238',61,146,7111,'Large'),(659,10165,11,16,'S18_2238',27,122,5033,'Medium'),(660,10176,10,20,'S18_2238',71,33,3668,'Medium'),(661,10184,5,14,'S18_2238',82,70,7381,'Large'),(662,10195,5,1,'S18_2238',48,35,5128,'Medium'),(663,10207,6,8,'S18_2238',65,92,7060,'Large'),(664,10219,1,3,'S18_2238',83,147,8449,'Large'),(665,10230,8,28,'S18_2238',73,136,7301,'Large'),(666,10246,4,14,'S18_2238',24,126,6549,'Medium'),(667,10259,3,16,'S18_2238',66,40,5698,'Medium'),(668,10271,4,3,'S18_2238',40,127,9169,'Large'),(669,10282,13,3,'S18_2238',40,77,3239,'Medium'),(670,10292,7,1,'S18_2238',1,43,4555,'Medium'),(671,10305,4,8,'S18_2238',16,96,3934,'Medium'),(672,10314,13,24,'S18_2238',79,97,5776,'Medium'),(673,10324,8,1,'S18_2238',12,81,7207,'Large'),(674,10336,6,2,'S18_2238',63,129,7461,'Large'),(675,10349,8,1,'S18_2238',75,141,6720,'Medium'),(676,10358,10,14,'S18_2238',24,49,2428,'Small'),(677,10371,7,3,'S18_2238',40,130,2602,'Small'),(678,10382,5,3,'S18_2238',40,51,2200,'Small'),(679,10412,4,14,'S18_2238',24,148,6713,'Medium'),(680,10425,3,2,'S18_2238',15,54,5318,'Medium'),(681,10100,2,21,'S18_2248',41,200,3390,'Medium'),(682,10110,6,13,'S18_2248',78,179,1608,'Small'),(683,10124,5,31,'S18_2248',85,167,2263,'Small'),(684,10149,10,3,'S18_2248',83,169,1497,'Small'),(685,10162,8,3,'S18_2248',5,170,1880,'Small'),(686,10173,12,20,'S18_2248',87,156,1495,'Small'),(687,10182,9,3,'S18_2248',40,104,2324,'Small'),(688,10193,13,5,'S18_2248',88,171,2492,'Small'),(689,10204,3,1,'S18_2248',75,106,1643,'Small'),(690,10214,6,14,'S18_2248',26,201,1322,'Small'),(691,10227,9,2,'S18_2248',31,173,1424,'Small'),(692,10241,1,2,'S18_2248',84,157,2397,'Small'),(693,10280,15,20,'S18_2248',37,42,1574,'Small'),(694,10288,4,16,'S18_2248',66,183,1729,'Small'),(695,10303,2,14,'S18_2248',82,205,2256,'Small'),(696,10312,16,3,'S18_2248',40,45,1835,'Small'),(697,10332,9,13,'S18_2248',78,160,3202,'Medium'),(698,10344,2,2,'S18_2248',68,202,2276,'Small'),(699,10367,4,3,'S18_2248',4,184,8885,'Large'),(700,10379,1,14,'S18_2248',24,185,1331,'Small'),(701,10407,1,3,'S18_2248',62,186,3051,'Medium'),(702,10420,4,12,'S18_2248',21,203,2289,'Small'),(703,10104,12,14,'S18_2319',24,135,3773,'Medium'),(704,10114,3,2,'S18_2319',63,90,4164,'Medium'),(705,10127,14,1,'S18_2319',75,119,6296,'Medium'),(706,10141,8,9,'S18_2319',74,145,6288,'Medium'),(707,10151,6,9,'S18_2319',61,146,5413,'Medium'),(708,10165,15,16,'S18_2319',27,122,5984,'Medium'),(709,10175,4,13,'S18_2319',50,33,5891,'Medium'),(710,10184,9,14,'S18_2319',82,70,5984,'Medium'),(711,10195,9,1,'S18_2319',48,35,3608,'Medium'),(712,10207,10,8,'S18_2319',65,92,5753,'Medium'),(713,10229,4,3,'S18_2319',40,94,3765,'Medium'),(714,10246,8,14,'S18_2319',24,126,2160,'Small'),(715,10259,7,16,'S18_2319',66,40,3380,'Medium'),(716,10271,8,3,'S18_2319',40,127,5094,'Medium'),(717,10281,4,10,'S18_2319',19,95,5773,'Medium'),(718,10292,11,1,'S18_2319',1,43,4529,'Medium'),(719,10305,8,8,'S18_2319',16,96,4816,'Medium'),(720,10313,2,18,'S18_2319',32,97,3417,'Medium'),(721,10324,10,1,'S18_2319',12,81,1237,'Small'),(722,10334,6,15,'S18_2319',25,98,5815,'Medium'),(723,10349,7,1,'S18_2319',75,141,5223,'Medium'),(724,10358,11,14,'S18_2319',24,49,728,'Small'),(725,10370,5,12,'S18_2319',43,50,3949,'Medium'),(726,10383,11,14,'S18_2319',24,206,3844,'Medium'),(727,10412,8,14,'S18_2319',24,148,5498,'Medium'),(728,10425,7,2,'S18_2319',15,54,3778,'Medium'),(729,10101,4,28,'S18_2325',73,207,3782,'Medium'),(730,10110,4,13,'S18_2325',78,179,3860,'Medium'),(731,10124,3,31,'S18_2325',85,167,4432,'Medium'),(732,10149,8,3,'S18_2325',83,169,4950,'Medium'),(733,10162,6,3,'S18_2325',5,170,4300,'Medium'),(734,10173,10,20,'S18_2325',87,156,4493,'Medium'),(735,10182,7,3,'S18_2325',40,104,2212,'Small'),(736,10193,11,5,'S18_2325',88,171,4643,'Medium'),(737,10204,1,1,'S18_2325',75,106,3206,'Medium'),(738,10214,4,14,'S18_2325',26,201,3604,'Medium'),(739,10227,7,2,'S18_2325',31,173,7018,'Large'),(740,10243,2,8,'S18_2325',65,208,6154,'Medium'),(741,10280,13,20,'S18_2325',37,42,4751,'Medium'),(742,10288,2,16,'S18_2325',66,183,3823,'Medium'),(743,10304,17,2,'S18_2325',39,44,2441,'Small'),(744,10312,14,3,'S18_2325',40,45,4729,'Medium'),(745,10322,6,21,'S18_2325',41,46,12537,'Large'),(746,10332,8,13,'S18_2325',78,160,2264,'Small'),(747,10344,3,2,'S18_2325',68,202,3928,'Medium'),(748,10356,3,2,'S18_2325',3,161,3630,'Medium'),(749,10367,5,3,'S18_2325',4,184,4196,'Medium'),(750,10380,10,14,'S18_2325',24,177,4932,'Medium'),(751,10390,16,3,'S18_2325',40,163,3069,'Medium'),(752,10409,2,16,'S18_2325',66,209,786,'Small'),(753,10420,2,12,'S18_2325',21,203,4977,'Medium'),(754,10103,2,4,'S18_2432',18,27,1190,'Small'),(755,10114,6,2,'S18_2432',63,90,3090,'Medium'),(756,10126,2,14,'S18_2432',26,29,2796,'Small'),(757,10140,2,3,'S18_2432',6,30,2852,'Small'),(758,10151,9,9,'S18_2432',61,146,2702,'Small'),(759,10165,18,16,'S18_2432',27,122,2204,'Small'),(760,10175,7,13,'S18_2432',50,33,2840,'Small'),(761,10184,12,14,'S18_2432',82,70,2647,'Small'),(762,10194,2,2,'S18_2432',31,35,3172,'Medium'),(763,10207,13,8,'S18_2432',65,92,2586,'Small'),(764,10217,2,16,'S18_2432',66,93,2148,'Small'),(765,10229,7,3,'S18_2432',40,94,1667,'Small'),(766,10246,11,14,'S18_2432',24,126,1860,'Small'),(767,10259,10,16,'S18_2432',66,40,1477,'Small'),(768,10271,11,3,'S18_2432',40,127,1732,'Small'),(769,10281,7,10,'S18_2432',19,95,1674,'Small'),(770,10291,2,15,'S18_2432',38,43,1501,'Small'),(771,10305,11,8,'S18_2432',16,96,2193,'Small'),(772,10313,5,18,'S18_2432',32,97,1798,'Small'),(773,10322,11,21,'S18_2432',41,46,2142,'Small'),(774,10334,1,15,'S18_2432',25,98,2087,'Small'),(775,10347,8,5,'S18_2432',11,48,6835,'Medium'),(776,10357,7,3,'S18_2432',40,49,2542,'Small'),(777,10370,7,12,'S18_2432',43,50,2131,'Small'),(778,10381,7,3,'S18_2432',5,51,1702,'Small'),(779,10391,5,12,'S18_2432',43,52,1694,'Small'),(780,10412,11,14,'S18_2432',24,148,2914,'Small'),(781,10425,10,2,'S18_2432',15,54,935,'Small'),(782,10106,2,20,'S18_2581',87,187,3073,'Medium'),(783,10120,8,5,'S18_2581',11,55,2082,'Small'),(784,10133,3,14,'S18_2581',24,210,3394,'Medium'),(785,10145,14,3,'S18_2581',4,4,2560,'Small'),(786,10168,9,3,'S18_2581',6,6,1490,'Small'),(787,10210,7,23,'S18_2581',45,56,3844,'Medium'),(788,10223,9,5,'S18_2581',11,11,4725,'Medium'),(789,10235,3,18,'S18_2581',58,211,1825,'Small'),(790,10250,4,3,'S18_2581',62,190,2669,'Small'),(791,10263,10,7,'S18_2581',14,14,2844,'Small'),(792,10275,9,2,'S18_2581',15,15,3164,'Medium'),(793,10284,1,4,'S18_2581',86,192,2226,'Small'),(794,10297,4,30,'S18_2581',76,212,2070,'Small'),(795,10308,7,1,'S18_2581',48,18,2235,'Small'),(796,10318,9,10,'S18_2581',19,19,3116,'Medium'),(797,10327,8,24,'S18_2581',49,194,4782,'Medium'),(798,10339,2,19,'S18_2581',36,59,2811,'Small'),(799,10353,1,7,'S18_2581',89,213,3516,'Medium'),(800,10374,2,17,'S18_2581',29,60,2909,'Small'),(801,10386,18,14,'S18_2581',24,197,1570,'Small'),(802,10398,15,2,'S18_2581',2,198,2614,'Small'),(803,10401,3,6,'S18_2581',13,214,3193,'Medium'),(804,10416,4,20,'S18_2581',71,199,1483,'Small'),(805,10107,6,1,'S18_2625',1,1,2055,'Small'),(806,10120,4,5,'S18_2625',11,55,2675,'Small'),(807,10134,6,2,'S18_2625',3,3,1853,'Small'),(808,10145,10,3,'S18_2625',4,4,1490,'Small'),(809,10159,18,3,'S18_2625',5,5,2162,'Small'),(810,10168,5,3,'S18_2625',6,6,2814,'Small'),(811,10180,13,2,'S18_2625',7,7,1605,'Small'),(812,10188,5,4,'S18_2625',8,8,2093,'Small'),(813,10201,6,3,'S18_2625',9,9,1944,'Small'),(814,10210,3,23,'S18_2625',45,56,1987,'Small'),(815,10223,5,5,'S18_2625',11,11,1696,'Small'),(816,10236,2,10,'S18_2625',46,57,1282,'Small'),(817,10251,6,6,'S18_2625',13,13,1774,'Small'),(818,10263,6,7,'S18_2625',14,14,1998,'Small'),(819,10275,5,2,'S18_2625',15,15,2353,'Small'),(820,10285,10,8,'S18_2625',16,16,981,'Small'),(821,10298,2,2,'S18_2625',47,58,1551,'Small'),(822,10308,3,1,'S18_2625',48,18,1771,'Small'),(823,10318,5,10,'S18_2625',19,19,2213,'Small'),(824,10329,12,1,'S18_2625',1,20,5266,'Medium'),(825,10339,1,19,'S18_2625',36,59,1865,'Small'),(826,10362,3,3,'S18_2625',6,62,1142,'Small'),(827,10374,4,17,'S18_2625',29,60,1173,'Small'),(828,10389,5,15,'S18_2625',38,24,6981,'Medium'),(829,10402,2,2,'S18_2625',10,61,3065,'Medium'),(830,10417,6,14,'S18_2625',24,26,2202,'Small'),(831,10101,1,28,'S18_2795',73,207,3773,'Medium'),(832,10110,1,13,'S18_2795',78,179,5074,'Medium'),(833,10125,2,5,'S18_2795',11,167,6483,'Medium'),(834,10139,8,12,'S18_2795',21,168,7956,'Large'),(835,10149,5,3,'S18_2795',83,169,4231,'Medium'),(836,10162,3,3,'S18_2795',5,170,7209,'Large'),(837,10173,7,20,'S18_2795',87,156,3453,'Medium'),(838,10182,4,3,'S18_2795',40,104,3048,'Medium'),(839,10193,8,5,'S18_2795',88,171,3675,'Medium'),(840,10205,3,14,'S18_2795',24,172,7492,'Large'),(841,10214,1,14,'S18_2795',26,201,9535,'Large'),(842,10227,4,2,'S18_2795',31,173,5579,'Medium'),(843,10244,8,14,'S18_2795',24,174,5950,'Medium'),(844,10255,1,2,'S18_2795',84,215,3726,'Medium'),(845,10280,10,20,'S18_2795',37,42,4455,'Medium'),(846,10289,3,4,'S18_2795',8,176,8272,'Large'),(847,10304,14,2,'S18_2795',39,44,3578,'Medium'),(848,10312,11,3,'S18_2795',40,45,3881,'Medium'),(849,10322,2,21,'S18_2795',41,46,5797,'Medium'),(850,10332,1,13,'S18_2795',78,160,1264,'Small'),(851,10347,6,5,'S18_2795',11,48,4815,'Medium'),(852,10356,1,2,'S18_2795',3,161,4462,'Medium'),(853,10367,7,3,'S18_2795',4,184,3033,'Medium'),(854,10380,8,14,'S18_2795',24,177,991,'Small'),(855,10390,7,3,'S18_2795',40,163,2031,'Small'),(856,10421,1,3,'S18_2795',40,203,5434,'Medium'),(857,10109,1,10,'S18_2870',46,152,3157,'Medium'),(858,10123,3,2,'S18_2870',47,180,5161,'Medium'),(859,10137,3,2,'S18_2870',2,181,4347,'Medium'),(860,10148,10,12,'S18_2870',43,154,3528,'Medium'),(861,10161,9,24,'S18_2870',79,155,3188,'Medium'),(862,10172,7,7,'S18_2870',14,156,6023,'Medium'),(863,10181,3,4,'S18_2870',8,104,3885,'Medium'),(864,10192,8,21,'S18_2870',41,105,4966,'Medium'),(865,10204,14,1,'S18_2870',75,106,4170,'Medium'),(866,10212,7,14,'S18_2870',24,139,4910,'Medium'),(867,10226,5,3,'S18_2870',56,182,3231,'Medium'),(868,10241,12,2,'S18_2870',84,157,6853,'Medium'),(869,10253,2,13,'S18_2870',23,109,5177,'Medium'),(870,10266,3,20,'S18_2870',71,110,2825,'Small'),(871,10278,3,31,'S18_2870',85,158,4324,'Medium'),(872,10287,1,29,'S18_2870',70,112,5053,'Medium'),(873,10301,5,4,'S18_2870',86,159,3223,'Medium'),(874,10311,10,14,'S18_2870',24,114,5279,'Medium'),(875,10321,7,8,'S18_2870',22,46,2851,'Small'),(876,10331,10,10,'S18_2870',46,160,1687,'Small'),(877,10343,3,2,'S18_2870',2,21,1308,'Small'),(878,10366,2,25,'S18_2870',91,204,6145,'Medium'),(879,10379,5,14,'S18_2870',24,185,5127,'Medium'),(880,10407,12,3,'S18_2870',62,186,6386,'Medium'),(881,10419,2,11,'S18_2870',20,117,7696,'Large'),(882,10103,12,4,'S18_2949',18,27,2243,'Small'),(883,10112,2,15,'S18_2949',25,28,2540,'Small'),(884,10126,12,14,'S18_2949',26,29,2795,'Small'),(885,10139,1,12,'S18_2949',21,168,5546,'Medium'),(886,10150,9,16,'S18_2949',27,31,4285,'Medium'),(887,10163,2,1,'S18_2949',28,32,3329,'Medium'),(888,10174,5,17,'S18_2949',29,33,5592,'Medium'),(889,10183,9,10,'S18_2949',30,34,3299,'Medium'),(890,10193,1,5,'S18_2949',88,171,2610,'Small'),(891,10206,7,18,'S18_2949',32,36,3336,'Medium'),(892,10215,4,3,'S18_2949',33,37,5510,'Medium'),(893,10228,3,8,'S18_2949',34,38,2504,'Small'),(894,10244,1,14,'S18_2949',24,174,3526,'Medium'),(895,10257,1,3,'S18_2949',62,216,4407,'Medium'),(896,10270,10,12,'S18_2949',21,41,2983,'Small'),(897,10280,3,20,'S18_2949',37,42,5126,'Medium'),(898,10291,12,15,'S18_2949',38,43,5714,'Medium'),(899,10304,7,2,'S18_2949',39,44,4614,'Medium'),(900,10312,4,3,'S18_2949',40,45,3711,'Medium'),(901,10322,12,21,'S18_2949',41,46,3525,'Medium'),(902,10333,5,3,'S18_2949',9,47,2795,'Small'),(903,10347,9,5,'S18_2949',11,48,4814,'Medium'),(904,10357,6,3,'S18_2949',40,49,3572,'Medium'),(905,10369,1,8,'S18_2949',42,50,4581,'Medium'),(906,10381,8,3,'S18_2949',5,51,4320,'Medium'),(907,10391,6,12,'S18_2949',43,52,1448,'Small'),(908,10423,1,25,'S18_2949',57,178,881,'Small'),(909,10103,14,4,'S18_2957',18,27,2011,'Small'),(910,10111,2,3,'S18_2957',9,166,1801,'Small'),(911,10126,14,14,'S18_2957',26,29,3390,'Medium'),(912,10139,3,12,'S18_2957',21,168,1424,'Small'),(913,10150,11,16,'S18_2957',27,31,1499,'Small'),(914,10163,4,1,'S18_2957',28,32,3358,'Medium'),(915,10173,2,20,'S18_2957',87,156,1504,'Small'),(916,10183,11,10,'S18_2957',30,34,2655,'Small'),(917,10193,3,5,'S18_2957',88,171,1244,'Small'),(918,10206,9,18,'S18_2957',32,36,1889,'Small'),(919,10215,6,3,'S18_2957',33,37,1820,'Small'),(920,10228,5,8,'S18_2957',34,38,2867,'Small'),(921,10244,3,14,'S18_2957',24,174,1394,'Small'),(922,10257,3,3,'S18_2957',62,216,2632,'Small'),(923,10269,1,11,'S18_2957',20,217,2019,'Small'),(924,10280,5,20,'S18_2957',37,42,2955,'Small'),(925,10291,14,15,'S18_2957',38,43,1872,'Small'),(926,10304,9,2,'S18_2957',39,44,1559,'Small'),(927,10312,6,3,'S18_2957',40,45,1880,'Small'),(928,10322,13,21,'S18_2957',41,46,1225,'Small'),(929,10332,17,13,'S18_2957',78,160,2979,'Small'),(930,10347,10,5,'S18_2957',11,48,2209,'Small'),(931,10357,5,3,'S18_2957',40,49,3458,'Medium'),(932,10369,6,8,'S18_2957',42,50,1238,'Small'),(933,10381,4,3,'S18_2957',5,51,2723,'Small'),(934,10392,3,11,'S18_2957',64,218,2219,'Small'),(935,10423,3,25,'S18_2957',57,178,1665,'Small'),(936,10106,18,20,'S18_3029',87,187,3421,'Medium'),(937,10119,9,11,'S18_3029',20,64,1879,'Small'),(938,10130,2,8,'S18_3029',92,188,3854,'Medium'),(939,10143,13,8,'S18_3029',51,66,3443,'Medium'),(940,10155,11,9,'S18_3029',17,67,3482,'Medium'),(941,10167,7,15,'S18_3029',38,68,3364,'Medium'),(942,10178,10,2,'S18_3029',52,69,3351,'Medium'),(943,10186,7,13,'S18_3029',53,70,2863,'Small'),(944,10197,4,14,'S18_3029',54,71,4036,'Medium'),(945,10209,6,3,'S18_3029',55,72,2818,'Small'),(946,10222,10,3,'S18_3029',56,73,4636,'Medium'),(947,10248,1,1,'S18_3029',1,74,1554,'Small'),(948,10262,15,14,'S18_3029',24,191,2698,'Small'),(949,10273,2,25,'S18_3029',57,76,3334,'Medium'),(950,10283,4,18,'S18_3029',58,77,2059,'Small'),(951,10296,13,28,'S18_3029',90,193,2023,'Small'),(952,10307,7,10,'S18_3029',30,79,2587,'Small'),(953,10316,15,26,'S18_3029',60,80,1987,'Small'),(954,10327,5,24,'S18_3029',49,194,1147,'Small'),(955,10338,3,25,'S18_3029',91,195,2312,'Small'),(956,10350,6,14,'S18_3029',24,83,2794,'Small'),(957,10373,5,9,'S18_3029',61,85,1908,'Small'),(958,10386,5,14,'S18_3029',24,197,3441,'Medium'),(959,10398,18,2,'S18_3029',2,198,2023,'Small'),(960,10400,7,3,'S18_3029',62,88,2245,'Small'),(961,10414,1,8,'S18_3029',59,89,3255,'Medium'),(962,10103,13,4,'S18_3136',18,27,2540,'Small'),(963,10111,1,3,'S18_3136',9,166,4818,'Medium'),(964,10126,13,14,'S18_3136',26,29,2922,'Small'),(965,10139,2,12,'S18_3136',21,168,1801,'Small'),(966,10150,10,16,'S18_3136',27,31,2804,'Small'),(967,10163,3,1,'S18_3136',28,32,4901,'Medium'),(968,10173,1,20,'S18_3136',87,156,2759,'Small'),(969,10183,10,10,'S18_3136',30,34,2488,'Small'),(970,10193,2,5,'S18_3136',88,171,2770,'Small'),(971,10206,8,18,'S18_3136',32,36,3581,'Medium'),(972,10215,5,3,'S18_3136',33,37,5285,'Medium'),(973,10228,4,8,'S18_3136',34,38,3182,'Medium'),(974,10244,2,14,'S18_3136',24,174,3341,'Medium'),(975,10257,2,3,'S18_3136',62,216,3138,'Medium'),(976,10270,11,12,'S18_3136',21,41,4775,'Medium'),(977,10280,4,20,'S18_3136',37,42,3006,'Medium'),(978,10291,13,15,'S18_3136',38,43,2866,'Small'),(979,10304,8,2,'S18_3136',39,44,2233,'Small'),(980,10312,5,3,'S18_3136',40,45,4457,'Medium'),(981,10322,7,21,'S18_3136',41,46,2258,'Small'),(982,10332,18,13,'S18_3136',78,160,1592,'Small'),(983,10347,11,5,'S18_3136',11,48,4948,'Medium'),(984,10357,4,3,'S18_3136',40,49,5161,'Medium'),(985,10369,5,8,'S18_3136',42,50,1979,'Small'),(986,10381,5,3,'S18_3136',5,51,4288,'Medium'),(987,10392,2,11,'S18_3136',64,218,2521,'Small'),(988,10423,2,25,'S18_3136',57,178,1781,'Small'),(989,10105,11,24,'S18_3140',49,63,3065,'Medium'),(990,10117,5,16,'S18_3140',27,118,3551,'Medium'),(991,10128,2,14,'S18_3140',24,219,5544,'Medium'),(992,10142,8,3,'S18_3140',40,120,6034,'Medium'),(993,10153,7,14,'S18_3140',24,121,3642,'Medium'),(994,10166,2,8,'S18_3140',22,91,6931,'Medium'),(995,10177,9,14,'S18_3140',77,220,3676,'Medium'),(996,10185,9,8,'S18_3140',51,70,3442,'Medium'),(997,10196,1,7,'S18_3140',35,71,6894,'Medium'),(998,10208,9,2,'S18_3140',31,123,2622,'Small'),(999,10221,3,25,'S18_3140',57,221,4417,'Medium'),(1000,10232,6,26,'S18_3140',60,222,3606,'Medium'),(1001,10248,12,1,'S18_3140',1,74,3803,'Medium'),(1002,10273,13,25,'S18_3140',57,76,5026,'Medium'),(1003,10282,1,3,'S18_3140',40,77,6696,'Medium'),(1004,10293,4,20,'S18_3140',37,128,2819,'Small'),(1005,10306,9,13,'S18_3140',78,79,3759,'Medium'),(1006,10314,1,24,'S18_3140',79,97,2732,'Small'),(1007,10325,9,4,'S18_3140',18,81,1659,'Small'),(1008,10336,12,2,'S18_3140',63,129,5778,'Medium'),(1009,10350,1,14,'S18_3140',24,83,5191,'Medium'),(1010,10372,3,19,'S18_3140',36,137,3863,'Medium'),(1011,10383,9,14,'S18_3140',24,206,1476,'Small'),(1012,10396,2,3,'S18_3140',40,142,5274,'Medium'),(1013,10414,12,8,'S18_3140',59,89,4872,'Medium'),(1014,10104,13,14,'S18_3232',24,135,4557,'Medium'),(1015,10109,5,10,'S18_3232',46,152,8257,'Large'),(1016,10114,4,2,'S18_3232',63,90,8209,'Large'),(1017,10122,3,2,'S18_3232',68,100,3599,'Medium'),(1018,10127,15,1,'S18_3232',75,119,3837,'Medium'),(1019,10136,3,2,'S18_3232',52,153,8332,'Large'),(1020,10141,9,9,'S18_3232',74,145,4837,'Medium'),(1021,10148,14,12,'S18_3232',43,154,5419,'Medium'),(1022,10151,7,9,'S18_3232',61,146,3734,'Medium'),(1023,10160,1,3,'S18_3232',55,138,3996,'Medium'),(1024,10165,16,16,'S18_3232',27,122,8755,'Large'),(1025,10171,3,22,'S18_3232',44,156,5481,'Medium'),(1026,10175,5,13,'S18_3232',50,33,4420,'Medium'),(1027,10181,7,4,'S18_3232',8,104,6325,'Medium'),(1028,10184,10,14,'S18_3232',82,70,4410,'Medium'),(1029,10192,12,21,'S18_3232',41,105,3918,'Medium'),(1030,10195,10,1,'S18_3232',48,35,7621,'Large'),(1031,10203,1,14,'S18_3232',24,106,8291,'Large'),(1032,10207,11,8,'S18_3232',65,92,3937,'Medium'),(1033,10212,11,14,'S18_3232',24,139,5554,'Medium'),(1034,10225,2,29,'S18_3232',70,107,6408,'Medium'),(1035,10229,5,3,'S18_3232',40,94,4173,'Medium'),(1036,10239,1,9,'S18_3232',61,149,7083,'Large'),(1037,10246,9,14,'S18_3232',24,126,7133,'Large'),(1038,10253,6,13,'S18_3232',23,109,6774,'Medium'),(1039,10259,8,16,'S18_3232',66,40,3658,'Medium'),(1040,10266,7,20,'S18_3232',71,110,4813,'Medium'),(1041,10271,9,3,'S18_3232',40,127,3929,'Medium'),(1042,10278,7,31,'S18_3232',85,158,6401,'Medium'),(1043,10281,5,10,'S18_3232',19,95,4191,'Medium'),(1044,10287,5,29,'S18_3232',70,112,5853,'Medium'),(1045,10292,12,1,'S18_3232',1,43,2845,'Small'),(1046,10301,9,4,'S18_3232',86,159,4012,'Medium'),(1047,10305,9,8,'S18_3232',16,96,7456,'Large'),(1048,10310,3,28,'S18_3232',69,114,8941,'Large'),(1049,10313,3,18,'S18_3232',32,97,4572,'Medium'),(1050,10321,11,8,'S18_3232',22,46,5700,'Medium'),(1051,10324,12,1,'S18_3232',12,81,3155,'Medium'),(1052,10331,11,10,'S18_3232',46,160,4171,'Medium'),(1053,10334,3,15,'S18_3232',25,98,2879,'Small'),(1054,10342,4,5,'S18_3232',11,21,5030,'Medium'),(1055,10349,6,1,'S18_3232',75,141,7397,'Large'),(1056,10358,12,14,'S18_3232',24,49,2992,'Small'),(1057,10366,1,25,'S18_3232',91,204,6276,'Medium'),(1058,10370,9,12,'S18_3232',43,50,1535,'Small'),(1059,10377,3,9,'S18_3232',17,143,7265,'Large'),(1060,10383,6,14,'S18_3232',24,206,6869,'Medium'),(1061,10394,5,14,'S18_3232',24,223,3353,'Medium'),(1062,10405,1,2,'S18_3232',84,151,8289,'Large'),(1063,10412,9,14,'S18_3232',24,148,11888,'Large'),(1064,10419,6,11,'S18_3232',20,117,5927,'Medium'),(1065,10425,8,2,'S18_3232',15,54,3793,'Medium'),(1066,10105,13,24,'S18_3259',49,63,4330,'Medium'),(1067,10117,7,16,'S18_3259',27,118,2012,'Small'),(1068,10128,4,14,'S18_3259',24,219,4837,'Medium'),(1069,10142,10,3,'S18_3259',40,120,2152,'Small'),(1070,10153,9,14,'S18_3259',24,121,2573,'Small'),(1071,10165,1,16,'S18_3259',27,122,5345,'Medium'),(1072,10177,11,14,'S18_3259',77,220,3071,'Medium'),(1073,10185,11,8,'S18_3259',51,70,3953,'Medium'),(1074,10196,3,7,'S18_3259',35,71,3565,'Medium'),(1075,10208,11,2,'S18_3259',31,123,5615,'Medium'),(1076,10221,5,25,'S18_3259',57,221,1855,'Small'),(1077,10232,8,26,'S18_3259',60,222,4598,'Medium'),(1078,10248,14,1,'S18_3259',1,74,5082,'Medium'),(1079,10273,15,25,'S18_3259',57,76,5451,'Medium'),(1080,10282,3,3,'S18_3259',40,77,4175,'Medium'),(1081,10293,6,20,'S18_3259',37,128,2418,'Small'),(1082,10306,11,13,'S18_3259',78,79,3670,'Medium'),(1083,10314,3,24,'S18_3259',79,97,2482,'Small'),(1084,10326,6,15,'S18_3259',25,224,3808,'Medium'),(1085,10336,7,2,'S18_3259',63,129,2230,'Small'),(1086,10350,2,14,'S18_3259',24,83,3815,'Medium'),(1087,10372,5,19,'S18_3259',36,137,2118,'Small'),(1088,10383,12,14,'S18_3259',24,206,3340,'Medium'),(1089,10396,4,3,'S18_3259',40,142,2154,'Small'),(1090,10414,14,8,'S18_3259',59,89,5808,'Medium'),(1091,10108,9,27,'S18_3278',67,99,1777,'Small'),(1092,10122,13,2,'S18_3278',68,100,1537,'Small'),(1093,10135,10,3,'S18_3278',40,101,3510,'Medium'),(1094,10147,10,8,'S18_3278',42,102,3097,'Medium'),(1095,10159,5,3,'S18_3278',5,5,1705,'Small'),(1096,10169,5,12,'S18_3278',43,103,2264,'Small'),(1097,10181,17,4,'S18_3278',8,104,2485,'Small'),(1098,10191,6,28,'S18_3278',69,105,3416,'Medium'),(1099,10203,11,14,'S18_3278',24,106,2839,'Small'),(1100,10211,5,2,'S18_3278',10,10,2730,'Small'),(1101,10225,12,29,'S18_3278',70,107,3541,'Medium'),(1102,10238,6,24,'S18_3278',49,108,3000,'Small'),(1103,10252,2,2,'S18_3278',10,225,1528,'Small'),(1104,10265,2,5,'S18_3278',88,226,3908,'Medium'),(1105,10276,6,8,'S18_3278',72,111,2658,'Small'),(1106,10287,15,29,'S18_3278',70,112,3043,'Medium'),(1107,10300,8,28,'S18_3278',73,113,3861,'Medium'),(1108,10310,13,28,'S18_3278',69,114,2171,'Small'),(1109,10319,1,1,'S18_3278',80,115,3403,'Medium'),(1110,10329,10,1,'S18_3278',1,20,2246,'Small'),(1111,10342,5,5,'S18_3278',11,21,1669,'Small'),(1112,10363,10,9,'S18_3278',74,116,2774,'Small'),(1113,10378,4,14,'S18_3278',24,185,2464,'Small'),(1114,10390,9,3,'S18_3278',40,163,5492,'Medium'),(1115,10103,16,4,'S18_3320',18,27,4792,'Medium'),(1116,10111,4,3,'S18_3320',9,166,4179,'Medium'),(1117,10126,16,14,'S18_3320',26,29,3129,'Medium'),(1118,10139,5,12,'S18_3320',21,168,3095,'Medium'),(1119,10149,2,3,'S18_3320',83,169,3959,'Medium'),(1120,10163,6,1,'S18_3320',28,32,4991,'Medium'),(1121,10173,4,20,'S18_3320',87,156,2762,'Small'),(1122,10182,1,3,'S18_3320',40,104,2848,'Small'),(1123,10193,5,5,'S18_3320',88,171,2540,'Small'),(1124,10206,11,18,'S18_3320',32,36,2444,'Small'),(1125,10215,8,3,'S18_3320',33,37,4556,'Medium'),(1126,10227,1,2,'S18_3320',31,173,3667,'Medium'),(1127,10244,5,14,'S18_3320',24,174,3036,'Medium'),(1128,10257,5,3,'S18_3320',62,216,2322,'Small'),(1129,10280,7,20,'S18_3320',37,42,3474,'Medium'),(1130,10290,2,8,'S18_3320',92,227,2502,'Small'),(1131,10304,11,2,'S18_3320',39,44,3958,'Medium'),(1132,10312,8,3,'S18_3320',40,45,3536,'Medium'),(1133,10323,2,28,'S18_3320',73,81,3012,'Medium'),(1134,10333,2,3,'S18_3320',9,47,11337,'Large'),(1135,10347,12,5,'S18_3320',11,48,2657,'Small'),(1136,10357,3,3,'S18_3320',40,49,2604,'Small'),(1137,10369,4,8,'S18_3320',42,50,3289,'Medium'),(1138,10382,7,3,'S18_3320',40,51,8936,'Large'),(1139,10392,1,11,'S18_3320',64,218,4036,'Medium'),(1140,10423,5,25,'S18_3320',57,178,1875,'Small'),(1141,10108,8,27,'S18_3482',67,99,4050,'Medium'),(1142,10122,12,2,'S18_3482',68,100,2469,'Small'),(1143,10135,9,3,'S18_3482',40,101,5433,'Medium'),(1144,10147,9,8,'S18_3482',42,102,4405,'Medium'),(1145,10159,4,3,'S18_3482',5,5,3638,'Medium'),(1146,10169,4,12,'S18_3482',43,103,4445,'Medium'),(1147,10181,16,4,'S18_3482',8,104,3395,'Medium'),(1148,10191,5,28,'S18_3482',69,105,3415,'Medium'),(1149,10203,10,14,'S18_3482',24,106,5127,'Medium'),(1150,10211,4,2,'S18_3482',10,10,3745,'Medium'),(1151,10225,11,29,'S18_3482',70,107,4564,'Medium'),(1152,10238,5,24,'S18_3482',49,108,6554,'Medium'),(1153,10252,1,2,'S18_3482',10,225,6750,'Medium'),(1154,10265,1,5,'S18_3482',88,226,8427,'Large'),(1155,10276,5,8,'S18_3482',72,111,3925,'Medium'),(1156,10287,14,29,'S18_3482',70,112,6762,'Medium'),(1157,10300,7,28,'S18_3482',73,113,3786,'Medium'),(1158,10310,12,28,'S18_3482',69,114,6266,'Medium'),(1159,10320,5,15,'S18_3482',25,115,3491,'Medium'),(1160,10330,3,27,'S18_3482',67,228,4405,'Medium'),(1161,10342,7,5,'S18_3482',11,21,6548,'Medium'),(1162,10355,7,14,'S18_3482',24,229,3178,'Medium'),(1163,10363,11,9,'S18_3482',74,116,4143,'Medium'),(1164,10378,10,14,'S18_3482',24,185,4149,'Medium'),(1165,10390,1,3,'S18_3482',40,163,7397,'Large'),(1166,10109,2,10,'S18_3685',46,152,6242,'Medium'),(1167,10123,4,2,'S18_3685',47,180,5332,'Medium'),(1168,10137,4,2,'S18_3685',2,181,5124,'Medium'),(1169,10148,11,12,'S18_3685',43,154,3639,'Medium'),(1170,10161,10,24,'S18_3685',79,155,5544,'Medium'),(1171,10172,8,7,'S18_3685',14,156,5493,'Medium'),(1172,10181,4,4,'S18_3685',8,104,5785,'Medium'),(1173,10192,9,21,'S18_3685',41,105,5341,'Medium'),(1174,10204,15,1,'S18_3685',75,106,5736,'Medium'),(1175,10212,8,14,'S18_3685',24,139,6358,'Medium'),(1176,10226,6,3,'S18_3685',56,182,7344,'Large'),(1177,10240,1,23,'S18_3685',45,157,5959,'Medium'),(1178,10253,3,13,'S18_3685',23,109,4029,'Medium'),(1179,10266,4,20,'S18_3685',71,110,5035,'Medium'),(1180,10278,4,31,'S18_3685',85,158,4117,'Medium'),(1181,10287,2,29,'S18_3685',70,112,4311,'Medium'),(1182,10301,6,4,'S18_3685',86,159,6447,'Medium'),(1183,10311,11,14,'S18_3685',24,114,3617,'Medium'),(1184,10321,8,8,'S18_3685',22,46,4233,'Medium'),(1185,10331,12,10,'S18_3685',46,160,1766,'Small'),(1186,10343,2,2,'S18_3685',2,21,3735,'Medium'),(1187,10367,6,3,'S18_3685',4,184,4808,'Medium'),(1188,10379,4,14,'S18_3685',24,185,2267,'Small'),(1189,10406,1,24,'S18_3685',49,164,10469,'Large'),(1190,10419,3,11,'S18_3685',20,117,5589,'Medium'),(1191,10108,12,27,'S18_3782',67,99,2914,'Small'),(1192,10122,16,2,'S18_3782',68,100,1741,'Small'),(1193,10135,13,3,'S18_3782',40,101,2266,'Small'),(1194,10146,2,7,'S18_3782',89,230,3156,'Medium'),(1195,10159,8,3,'S18_3782',5,5,1358,'Small'),(1196,10169,8,12,'S18_3782',43,103,2599,'Small'),(1197,10180,3,2,'S18_3782',7,7,1058,'Small'),(1198,10191,9,28,'S18_3782',69,105,3128,'Medium'),(1199,10211,8,2,'S18_3782',10,10,2488,'Small'),(1200,10224,1,2,'S18_3782',7,134,2221,'Small'),(1201,10237,1,1,'S18_3782',12,12,1358,'Small'),(1202,10252,5,2,'S18_3782',10,225,1638,'Small'),(1203,10264,3,8,'S18_3782',59,231,2626,'Small'),(1204,10276,9,8,'S18_3782',72,111,1662,'Small'),(1205,10286,1,2,'S18_3782',63,232,2174,'Small'),(1206,10299,3,9,'S18_3782',17,17,2182,'Small'),(1207,10310,16,28,'S18_3782',69,114,2820,'Small'),(1208,10319,4,1,'S18_3782',80,115,2599,'Small'),(1209,10330,2,27,'S18_3782',67,228,2019,'Small'),(1210,10342,8,5,'S18_3782',11,21,1455,'Small'),(1211,10355,1,14,'S18_3782',24,229,1658,'Small'),(1212,10363,12,9,'S18_3782',74,116,2852,'Small'),(1213,10378,9,14,'S18_3782',24,185,4610,'Medium'),(1214,10390,2,3,'S18_3782',40,163,5080,'Medium'),(1215,10403,1,13,'S18_3782',23,25,1880,'Small'),(1216,10106,17,20,'S18_3856',87,187,4775,'Medium'),(1217,10119,8,11,'S18_3856',20,64,2687,'Small'),(1218,10130,1,8,'S18_3856',92,188,3424,'Medium'),(1219,10143,12,8,'S18_3856',51,66,3456,'Medium'),(1220,10155,10,9,'S18_3856',17,67,3623,'Medium'),(1221,10167,6,15,'S18_3856',38,68,3600,'Medium'),(1222,10178,9,2,'S18_3856',52,69,5387,'Medium'),(1223,10186,6,13,'S18_3856',53,70,4919,'Medium'),(1224,10197,3,14,'S18_3856',54,71,2539,'Small'),(1225,10209,5,3,'S18_3856',55,72,2499,'Small'),(1226,10222,9,3,'S18_3856',56,73,3859,'Medium'),(1227,10249,5,8,'S18_3856',34,233,5601,'Medium'),(1228,10262,14,14,'S18_3856',24,191,4103,'Medium'),(1229,10273,1,25,'S18_3856',57,76,4288,'Medium'),(1230,10283,3,18,'S18_3856',58,77,5796,'Medium'),(1231,10296,12,28,'S18_3856',90,193,1863,'Small'),(1232,10307,6,10,'S18_3856',30,79,4167,'Medium'),(1233,10316,14,26,'S18_3856',60,80,4080,'Medium'),(1234,10328,6,20,'S18_3856',87,234,3815,'Medium'),(1235,10338,2,25,'S18_3856',91,195,5526,'Medium'),(1236,10351,2,13,'S18_3856',50,196,3375,'Medium'),(1237,10373,6,9,'S18_3856',61,85,3025,'Medium'),(1238,10386,6,14,'S18_3856',24,197,1266,'Small'),(1239,10398,17,2,'S18_3856',2,198,4812,'Medium'),(1240,10400,6,3,'S18_3856',62,88,7307,'Large'),(1241,10415,5,5,'S18_3856',88,235,6209,'Medium'),(1242,10104,3,14,'S18_4027',24,135,5349,'Medium'),(1243,10117,12,16,'S18_4027',27,118,2781,'Small'),(1244,10127,5,1,'S18_4027',75,119,3447,'Medium'),(1245,10142,15,3,'S18_4027',40,120,3792,'Medium'),(1246,10152,1,17,'S18_4027',29,236,4524,'Medium'),(1247,10165,6,16,'S18_4027',27,122,3338,'Medium'),(1248,10176,5,20,'S18_4027',71,33,5532,'Medium'),(1249,10185,16,8,'S18_4027',51,70,5097,'Medium'),(1250,10196,8,7,'S18_4027',35,71,4537,'Medium'),(1251,10207,1,8,'S18_4027',65,92,6147,'Medium'),(1252,10220,5,30,'S18_4027',76,124,8258,'Large'),(1253,10230,3,28,'S18_4027',73,136,7238,'Large'),(1254,10247,5,9,'S18_4027',74,126,6756,'Medium'),(1255,10272,5,10,'S18_4027',19,127,3734,'Medium'),(1256,10282,8,3,'S18_4027',40,77,4675,'Medium'),(1257,10292,2,1,'S18_4027',1,43,7141,'Large'),(1258,10306,16,13,'S18_4027',78,79,3601,'Medium'),(1259,10314,8,24,'S18_4027',79,97,4207,'Medium'),(1260,10324,13,1,'S18_4027',12,81,5380,'Medium'),(1261,10337,3,1,'S18_4027',28,82,5679,'Medium'),(1262,10349,5,1,'S18_4027',75,141,4395,'Medium'),(1263,10358,13,14,'S18_4027',24,49,2528,'Small'),(1264,10372,6,19,'S18_4027',36,137,7032,'Large'),(1265,10383,1,14,'S18_4027',24,206,5341,'Medium'),(1266,10394,1,14,'S18_4027',24,223,6377,'Medium'),(1267,10413,5,7,'S18_4027',14,131,6897,'Medium'),(1268,10100,4,21,'S18_4409',41,200,1903,'Small'),(1269,10110,8,13,'S18_4409',78,179,2500,'Small'),(1270,10124,7,31,'S18_4409',85,167,3081,'Medium'),(1271,10148,1,12,'S18_4409',43,154,3598,'Medium'),(1272,10162,10,3,'S18_4409',5,170,3912,'Medium'),(1273,10173,14,20,'S18_4409',87,156,1585,'Small'),(1274,10182,11,3,'S18_4409',40,104,3943,'Medium'),(1275,10193,15,5,'S18_4409',88,171,2341,'Small'),(1276,10204,5,1,'S18_4409',75,106,2482,'Small'),(1277,10213,1,13,'S18_4409',53,237,3602,'Medium'),(1278,10227,11,2,'S18_4409',31,173,3567,'Medium'),(1279,10241,3,2,'S18_4409',84,157,3788,'Medium'),(1280,10280,17,20,'S18_4409',37,42,3704,'Medium'),(1281,10288,6,16,'S18_4409',66,183,2835,'Small'),(1282,10302,2,13,'S18_4409',23,67,3392,'Medium'),(1283,10311,1,14,'S18_4409',24,114,3358,'Medium'),(1284,10332,2,13,'S18_4409',78,160,7310,'Large'),(1285,10344,4,2,'S18_4409',68,202,2203,'Small'),(1286,10367,8,3,'S18_4409',4,184,2697,'Small'),(1287,10380,1,14,'S18_4409',24,177,3377,'Medium'),(1288,10407,3,3,'S18_4409',62,186,541,'Small'),(1289,10420,6,12,'S18_4409',21,203,6135,'Medium'),(1290,10105,10,24,'S18_4522',49,63,3383,'Medium'),(1291,10117,4,16,'S18_4522',27,118,2241,'Small'),(1292,10128,1,14,'S18_4522',24,219,3963,'Medium'),(1293,10142,7,3,'S18_4522',40,120,1685,'Small'),(1294,10153,6,14,'S18_4522',24,121,1834,'Small'),(1295,10166,1,8,'S18_4522',22,91,1917,'Small'),(1296,10177,8,14,'S18_4522',77,220,2611,'Small'),(1297,10185,8,8,'S18_4522',51,70,3630,'Medium'),(1298,10197,14,14,'S18_4522',54,71,5091,'Medium'),(1299,10208,8,2,'S18_4522',31,123,3950,'Medium'),(1300,10221,2,25,'S18_4522',57,221,3492,'Medium'),(1301,10232,5,26,'S18_4522',60,222,2059,'Small'),(1302,10248,11,1,'S18_4522',1,74,3170,'Medium'),(1303,10261,9,22,'S18_4522',44,75,1791,'Small'),(1304,10273,12,25,'S18_4522',57,76,2346,'Small'),(1305,10283,14,18,'S18_4522',58,77,3581,'Medium'),(1306,10293,3,20,'S18_4522',37,128,4946,'Medium'),(1307,10306,8,13,'S18_4522',78,79,3526,'Medium'),(1308,10315,7,2,'S18_4522',15,238,3602,'Medium'),(1309,10326,5,15,'S18_4522',25,224,4301,'Medium'),(1310,10337,2,1,'S18_4522',28,82,4498,'Medium'),(1311,10350,3,14,'S18_4522',24,83,3023,'Medium'),(1312,10372,7,19,'S18_4522',36,137,3562,'Medium'),(1313,10383,7,14,'S18_4522',24,206,1640,'Small'),(1314,10396,5,3,'S18_4522',40,142,4739,'Medium'),(1315,10414,11,8,'S18_4522',59,89,1208,'Small'),(1316,10103,5,4,'S18_4600',18,27,4228,'Medium'),(1317,10114,9,2,'S18_4600',63,90,4815,'Medium'),(1318,10126,5,14,'S18_4600',26,29,7083,'Large'),(1319,10140,5,3,'S18_4600',6,30,4601,'Medium'),(1320,10150,2,16,'S18_4600',27,31,6467,'Medium'),(1321,10164,3,11,'S18_4600',64,91,5013,'Medium'),(1322,10175,10,13,'S18_4600',50,33,5122,'Medium'),(1323,10183,2,10,'S18_4600',30,34,2441,'Small'),(1324,10194,5,2,'S18_4600',31,35,4262,'Medium'),(1325,10207,16,8,'S18_4600',65,92,6658,'Medium'),(1326,10217,5,16,'S18_4600',66,93,4509,'Medium'),(1327,10229,10,3,'S18_4600',40,94,4716,'Medium'),(1328,10245,3,7,'S18_4600',35,39,2390,'Small'),(1329,10259,13,16,'S18_4600',66,40,4667,'Medium'),(1330,10270,3,12,'S18_4600',21,41,5383,'Medium'),(1331,10281,10,10,'S18_4600',19,95,2482,'Small'),(1332,10291,5,15,'S18_4600',38,43,5289,'Medium'),(1333,10305,14,8,'S18_4600',16,96,2184,'Small'),(1334,10313,8,18,'S18_4600',32,97,2882,'Small'),(1335,10323,1,28,'S18_4600',73,81,6203,'Medium'),(1336,10334,4,15,'S18_4600',25,98,6763,'Medium'),(1337,10347,4,5,'S18_4600',11,48,5885,'Medium'),(1338,10357,2,3,'S18_4600',40,49,3560,'Medium'),(1339,10370,6,12,'S18_4600',43,50,1668,'Small'),(1340,10382,1,3,'S18_4600',40,51,4891,'Medium'),(1341,10411,3,22,'S18_4600',44,53,5236,'Medium'),(1342,10425,13,2,'S18_4600',15,54,4325,'Medium'),(1343,10103,9,4,'S18_4668',18,27,1939,'Small'),(1344,10113,3,3,'S18_4668',40,132,2491,'Small'),(1345,10126,9,14,'S18_4668',26,29,2315,'Small'),(1346,10140,9,3,'S18_4668',6,30,1255,'Small'),(1347,10150,6,16,'S18_4668',27,31,1283,'Small'),(1348,10164,7,11,'S18_4668',64,91,1346,'Small'),(1349,10174,2,17,'S18_4668',29,33,2194,'Small'),(1350,10183,6,10,'S18_4668',30,34,1972,'Small'),(1351,10194,9,2,'S18_4668',31,35,1836,'Small'),(1352,10206,4,18,'S18_4668',32,36,1120,'Small'),(1353,10215,1,3,'S18_4668',33,37,2083,'Small'),(1354,10229,14,3,'S18_4668',40,94,1570,'Small'),(1355,10245,7,7,'S18_4668',35,39,2694,'Small'),(1356,10258,4,19,'S18_4668',36,40,1257,'Small'),(1357,10270,7,12,'S18_4668',21,41,2568,'Small'),(1358,10281,14,10,'S18_4668',19,95,2634,'Small'),(1359,10291,9,15,'S18_4668',38,43,1503,'Small'),(1360,10304,4,2,'S18_4668',39,44,1676,'Small'),(1361,10312,1,3,'S18_4668',40,45,2217,'Small'),(1362,10324,6,1,'S18_4668',12,81,6832,'Medium'),(1363,10333,8,3,'S18_4668',9,47,1917,'Small'),(1364,10348,6,14,'S18_4668',26,80,7111,'Large'),(1365,10358,8,14,'S18_4668',24,49,5303,'Medium'),(1366,10370,2,12,'S18_4668',43,50,2730,'Small'),(1367,10382,2,3,'S18_4668',40,51,7827,'Large'),(1368,10411,7,22,'S18_4668',44,53,2095,'Small'),(1369,10424,4,14,'S18_4668',24,54,1557,'Small'),(1370,10108,11,27,'S18_4721',67,99,5565,'Medium'),(1371,10122,15,2,'S18_4721',68,100,3583,'Medium'),(1372,10135,12,3,'S18_4721',40,101,4705,'Medium'),(1373,10146,1,7,'S18_4721',89,230,4445,'Medium'),(1374,10159,7,3,'S18_4721',5,5,4619,'Medium'),(1375,10169,7,12,'S18_4721',43,103,4910,'Medium'),(1376,10180,2,2,'S18_4721',7,7,5565,'Medium'),(1377,10191,8,28,'S18_4721',69,105,4238,'Medium'),(1378,10211,7,2,'S18_4721',10,10,5674,'Medium'),(1379,10225,14,29,'S18_4721',70,107,5260,'Medium'),(1380,10238,8,24,'S18_4721',49,108,6351,'Medium'),(1381,10252,4,2,'S18_4721',10,225,3559,'Medium'),(1382,10264,2,8,'S18_4721',59,231,2411,'Small'),(1383,10276,8,8,'S18_4721',72,111,5714,'Medium'),(1384,10287,17,29,'S18_4721',70,112,4300,'Medium'),(1385,10299,2,9,'S18_4721',17,17,7947,'Large'),(1386,10310,15,28,'S18_4721',69,114,5357,'Medium'),(1387,10319,3,1,'S18_4721',80,115,7901,'Large'),(1388,10330,4,27,'S18_4721',67,228,6101,'Medium'),(1389,10342,11,5,'S18_4721',11,21,6276,'Medium'),(1390,10355,2,14,'S18_4721',24,229,4204,'Medium'),(1391,10363,13,9,'S18_4721',74,116,1629,'Small'),(1392,10378,8,14,'S18_4721',24,185,3290,'Medium'),(1393,10390,3,3,'S18_4721',40,163,6863,'Medium'),(1394,10110,9,13,'S18_4933',78,179,2574,'Small'),(1395,10124,8,31,'S18_4933',85,167,1328,'Small'),(1396,10148,2,12,'S18_4933',43,154,2356,'Small'),(1397,10161,1,24,'S18_4933',79,155,2014,'Small'),(1398,10173,15,20,'S18_4933',87,156,2807,'Small'),(1399,10182,12,3,'S18_4933',40,104,3073,'Medium'),(1400,10193,16,5,'S18_4933',88,171,1907,'Small'),(1401,10204,6,1,'S18_4933',75,106,3432,'Medium'),(1402,10213,2,13,'S18_4933',53,237,2085,'Small'),(1403,10227,12,2,'S18_4933',31,173,2136,'Small'),(1404,10241,4,2,'S18_4933',84,157,2010,'Small'),(1405,10267,1,1,'S18_4933',75,239,2720,'Small'),(1406,10279,1,14,'S18_4933',24,240,1575,'Small'),(1407,10288,7,16,'S18_4933',66,183,1688,'Small'),(1408,10302,3,13,'S18_4933',23,67,1672,'Small'),(1409,10311,2,14,'S18_4933',24,114,1675,'Small'),(1410,10332,3,13,'S18_4933',78,160,3473,'Medium'),(1411,10344,5,2,'S18_4933',68,202,1649,'Small'),(1412,10367,9,3,'S18_4933',4,184,3751,'Medium'),(1413,10380,2,14,'S18_4933',24,177,4536,'Medium'),(1414,10407,4,3,'S18_4933',62,186,4421,'Medium'),(1415,10420,7,12,'S18_4933',21,203,2078,'Small'),(1416,10110,13,13,'S24_1046',78,179,3069,'Medium'),(1417,10124,12,31,'S24_1046',85,167,1714,'Small'),(1418,10148,6,12,'S24_1046',43,154,1507,'Small'),(1419,10161,5,24,'S24_1046',79,155,2692,'Small'),(1420,10172,3,7,'S24_1046',14,156,2422,'Small'),(1421,10182,16,3,'S24_1046',40,104,3488,'Medium'),(1422,10192,4,21,'S24_1046',41,105,2583,'Small'),(1423,10204,10,1,'S24_1046',75,106,1249,'Small'),(1424,10212,3,14,'S24_1046',24,139,3375,'Medium'),(1425,10226,1,3,'S24_1046',56,182,1265,'Small'),(1426,10241,8,2,'S24_1046',84,157,1681,'Small'),(1427,10267,5,1,'S24_1046',75,239,3204,'Medium'),(1428,10279,5,14,'S24_1046',24,240,2399,'Small'),(1429,10288,11,16,'S24_1046',66,183,2381,'Small'),(1430,10301,1,4,'S24_1046',86,159,1945,'Small'),(1431,10311,6,14,'S24_1046',24,114,2274,'Small'),(1432,10321,3,8,'S24_1046',22,46,2117,'Small'),(1433,10332,4,13,'S24_1046',78,160,1307,'Small'),(1434,10344,7,2,'S24_1046',68,202,1726,'Small'),(1435,10367,10,3,'S24_1046',4,184,1268,'Small'),(1436,10380,3,14,'S24_1046',24,177,3442,'Medium'),(1437,10407,8,3,'S24_1046',62,186,1987,'Small'),(1438,10420,11,12,'S24_1046',21,203,3880,'Medium'),(1439,10104,6,14,'S24_1444',24,135,1942,'Small'),(1440,10115,2,1,'S24_1444',28,144,3260,'Medium'),(1441,10127,8,1,'S24_1444',75,119,1214,'Small'),(1442,10141,2,9,'S24_1444',74,145,1087,'Small'),(1443,10152,4,17,'S24_1444',29,236,1633,'Small'),(1444,10165,9,16,'S24_1444',27,122,1734,'Small'),(1445,10176,8,20,'S24_1444',71,33,1857,'Small'),(1446,10184,3,14,'S24_1444',82,70,1863,'Small'),(1447,10195,3,1,'S24_1444',48,35,2925,'Small'),(1448,10207,4,8,'S24_1444',65,92,2294,'Small'),(1449,10220,8,30,'S24_1444',76,124,1458,'Small'),(1450,10230,6,28,'S24_1444',73,136,1956,'Small'),(1451,10246,2,14,'S24_1444',24,126,2314,'Small'),(1452,10259,1,16,'S24_1444',66,40,1311,'Small'),(1453,10271,2,3,'S24_1444',40,127,2913,'Small'),(1454,10282,11,3,'S24_1444',40,77,1358,'Small'),(1455,10292,5,1,'S24_1444',1,43,2150,'Small'),(1456,10305,2,8,'S24_1444',16,96,2783,'Small'),(1457,10314,11,24,'S24_1444',79,97,2340,'Small'),(1458,10324,14,1,'S24_1444',12,81,1729,'Small'),(1459,10336,4,2,'S24_1444',63,129,5972,'Medium'),(1460,10349,4,1,'S24_1444',75,141,2275,'Small'),(1461,10358,14,14,'S24_1444',24,49,2673,'Small'),(1462,10371,12,3,'S24_1444',40,130,2432,'Small'),(1463,10383,2,14,'S24_1444',24,206,2019,'Small'),(1464,10394,2,14,'S24_1444',24,223,1559,'Small'),(1465,10412,2,14,'S24_1444',24,148,1105,'Small'),(1466,10425,1,2,'S24_1444',15,54,2575,'Small'),(1467,10107,3,1,'S24_1578',1,1,2846,'Small'),(1468,10120,1,5,'S24_1578',11,55,3432,'Medium'),(1469,10134,3,2,'S24_1578',3,3,3274,'Medium'),(1470,10145,7,3,'S24_1578',4,4,4119,'Medium'),(1471,10159,15,3,'S24_1578',5,5,5356,'Medium'),(1472,10168,2,3,'S24_1578',6,6,5748,'Medium'),(1473,10180,10,2,'S24_1578',7,7,5355,'Medium'),(1474,10188,2,4,'S24_1578',8,8,2536,'Small'),(1475,10201,3,3,'S24_1578',9,9,4351,'Medium'),(1476,10211,15,2,'S24_1578',10,10,2254,'Small'),(1477,10223,2,5,'S24_1578',11,11,2921,'Small'),(1478,10237,8,1,'S24_1578',12,12,2299,'Small'),(1479,10251,3,6,'S24_1578',13,13,2637,'Small'),(1480,10263,3,7,'S24_1578',14,14,4308,'Medium'),(1481,10275,2,2,'S24_1578',15,15,2154,'Small'),(1482,10285,7,8,'S24_1578',16,16,3717,'Medium'),(1483,10299,10,9,'S24_1578',17,17,5456,'Medium'),(1484,10309,6,4,'S24_1578',18,18,2651,'Small'),(1485,10318,2,10,'S24_1578',19,19,6437,'Medium'),(1486,10329,7,1,'S24_1578',1,20,2633,'Small'),(1487,10339,10,19,'S24_1578',36,59,2279,'Small'),(1488,10362,2,3,'S24_1578',6,62,4846,'Medium'),(1489,10374,6,17,'S24_1578',29,60,4197,'Medium'),(1490,10389,1,15,'S24_1578',38,24,4598,'Medium'),(1491,10403,8,13,'S24_1578',23,25,5288,'Medium'),(1492,10417,3,14,'S24_1578',24,26,3550,'Medium'),(1493,10110,15,13,'S24_1628',78,179,1722,'Small'),(1494,10123,1,2,'S24_1628',47,180,2994,'Small'),(1495,10137,1,2,'S24_1628',2,181,1295,'Small'),(1496,10148,8,12,'S24_1628',43,154,2672,'Small'),(1497,10161,7,24,'S24_1628',79,155,1227,'Small'),(1498,10172,5,7,'S24_1628',14,156,1454,'Small'),(1499,10181,1,4,'S24_1628',8,104,1830,'Small'),(1500,10192,6,21,'S24_1628',41,105,2530,'Small'),(1501,10204,12,1,'S24_1628',75,106,2241,'Small'),(1502,10212,5,14,'S24_1628',24,139,2400,'Small'),(1503,10226,3,3,'S24_1628',56,182,1558,'Small'),(1504,10241,10,2,'S24_1628',84,157,845,'Small'),(1505,10266,1,20,'S24_1628',71,110,1352,'Small'),(1506,10278,1,31,'S24_1628',85,158,1585,'Small'),(1507,10288,13,16,'S24_1628',66,183,2616,'Small'),(1508,10301,3,4,'S24_1628',86,159,1129,'Small'),(1509,10311,8,14,'S24_1628',24,114,2219,'Small'),(1510,10321,5,8,'S24_1628',22,46,2028,'Small'),(1511,10332,5,13,'S24_1628',78,160,1759,'Small'),(1512,10343,6,2,'S24_1628',2,21,978,'Small'),(1513,10367,11,3,'S24_1628',4,184,1463,'Small'),(1514,10379,3,14,'S24_1628',24,185,3971,'Medium'),(1515,10407,10,3,'S24_1628',62,186,2576,'Small'),(1516,10420,13,12,'S24_1628',21,203,2234,'Small'),(1517,10106,4,20,'S24_1785',87,187,2482,'Small'),(1518,10120,10,5,'S24_1785',11,55,4652,'Medium'),(1519,10133,5,14,'S24_1785',24,210,3858,'Medium'),(1520,10145,16,3,'S24_1785',4,4,3502,'Medium'),(1521,10168,11,3,'S24_1785',6,6,6434,'Medium'),(1522,10210,9,23,'S24_1785',45,56,2659,'Small'),(1523,10223,11,5,'S24_1785',11,11,3609,'Medium'),(1524,10235,5,18,'S24_1785',58,211,2215,'Small'),(1525,10250,6,3,'S24_1785',62,190,2748,'Small'),(1526,10262,1,14,'S24_1785',24,191,3311,'Medium'),(1527,10275,11,2,'S24_1785',15,15,2380,'Small'),(1528,10284,3,4,'S24_1785',86,192,2311,'Small'),(1529,10297,6,30,'S24_1785',76,212,4062,'Medium'),(1530,10308,9,1,'S24_1785',48,18,3494,'Medium'),(1531,10316,1,26,'S24_1785',60,80,2872,'Small'),(1532,10328,14,20,'S24_1785',87,234,4114,'Medium'),(1533,10339,7,19,'S24_1785',36,59,1064,'Small'),(1534,10353,2,7,'S24_1785',89,213,2008,'Small'),(1535,10374,3,17,'S24_1785',29,60,4329,'Medium'),(1536,10386,11,14,'S24_1785',24,197,1376,'Small'),(1537,10398,16,2,'S24_1785',2,198,5552,'Medium'),(1538,10401,5,6,'S24_1785',13,214,3659,'Medium'),(1539,10416,6,20,'S24_1785',71,199,4166,'Medium'),(1540,10101,3,28,'S24_1937',73,207,1404,'Small'),(1541,10110,3,13,'S24_1937',78,179,710,'Small'),(1542,10124,2,31,'S24_1937',85,167,1703,'Small'),(1543,10149,7,3,'S24_1937',83,169,1195,'Small'),(1544,10162,5,3,'S24_1937',5,170,1007,'Small'),(1545,10173,9,20,'S24_1937',87,156,977,'Small'),(1546,10182,6,3,'S24_1937',40,104,1437,'Small'),(1547,10193,10,5,'S24_1937',88,171,759,'Small'),(1548,10205,5,14,'S24_1937',24,172,1189,'Small'),(1549,10214,3,14,'S24_1937',26,201,684,'Small'),(1550,10227,6,2,'S24_1937',31,173,1227,'Small'),(1551,10243,1,8,'S24_1937',65,208,975,'Small'),(1552,10280,12,20,'S24_1937',37,42,578,'Small'),(1553,10288,1,16,'S24_1937',66,183,1107,'Small'),(1554,10304,16,2,'S24_1937',39,44,695,'Small'),(1555,10312,13,3,'S24_1937',40,45,1152,'Small'),(1556,10322,3,21,'S24_1937',41,46,2624,'Small'),(1557,10332,6,13,'S24_1937',78,160,3686,'Medium'),(1558,10344,6,2,'S24_1937',68,202,704,'Small'),(1559,10356,5,2,'S24_1937',3,161,9720,'Large'),(1560,10367,13,3,'S24_1937',4,184,835,'Small'),(1561,10380,4,14,'S24_1937',24,177,2258,'Small'),(1562,10391,8,12,'S24_1937',43,52,8345,'Large'),(1563,10409,1,16,'S24_1937',66,209,1802,'Small'),(1564,10420,1,12,'S24_1937',21,203,1210,'Small'),(1565,10107,7,1,'S24_2000',1,1,3155,'Medium'),(1566,10120,5,5,'S24_2000',11,55,2849,'Small'),(1567,10134,7,2,'S24_2000',3,3,3570,'Medium'),(1568,10145,11,3,'S24_2000',4,4,3902,'Medium'),(1569,10158,1,4,'S24_2000',18,5,1475,'Small'),(1570,10168,6,3,'S24_2000',6,6,2187,'Small'),(1571,10180,14,2,'S24_2000',7,7,1919,'Small'),(1572,10188,6,4,'S24_2000',8,8,3656,'Medium'),(1573,10201,7,3,'S24_2000',9,9,1847,'Small'),(1574,10210,4,23,'S24_2000',45,56,1851,'Small'),(1575,10223,6,5,'S24_2000',11,11,2634,'Small'),(1576,10236,3,10,'S24_2000',46,57,3154,'Medium'),(1577,10250,1,3,'S24_2000',62,190,2803,'Small'),(1578,10263,7,7,'S24_2000',14,14,2311,'Small'),(1579,10275,6,2,'S24_2000',15,15,2399,'Small'),(1580,10285,11,8,'S24_2000',16,16,2733,'Small'),(1581,10297,1,30,'S24_2000',76,212,2096,'Small'),(1582,10308,4,1,'S24_2000',48,18,2971,'Small'),(1583,10318,6,10,'S24_2000',19,19,2258,'Small'),(1584,10329,4,1,'S24_2000',1,20,3494,'Medium'),(1585,10340,8,14,'S24_2000',54,21,4399,'Medium'),(1586,10363,8,9,'S24_2000',74,116,3596,'Medium'),(1587,10375,9,2,'S24_2000',15,23,2443,'Small'),(1588,10389,2,15,'S24_2000',38,24,3989,'Medium'),(1589,10402,3,2,'S24_2000',10,61,5168,'Medium'),(1590,10416,1,20,'S24_2000',71,199,2803,'Small'),(1591,10105,9,24,'S24_2011',49,63,6341,'Medium'),(1592,10117,3,16,'S24_2011',27,118,5190,'Medium'),(1593,10129,9,13,'S24_2011',50,65,6028,'Medium'),(1594,10142,6,3,'S24_2011',40,120,3366,'Medium'),(1595,10153,5,14,'S24_2011',24,121,5456,'Medium'),(1596,10167,16,15,'S24_2011',38,68,3812,'Medium'),(1597,10177,7,14,'S24_2011',77,220,6083,'Medium'),(1598,10185,7,8,'S24_2011',51,70,3171,'Medium'),(1599,10197,13,14,'S24_2011',54,71,4535,'Medium'),(1600,10208,7,2,'S24_2011',31,123,4301,'Medium'),(1601,10221,1,25,'S24_2011',57,221,6805,'Medium'),(1602,10232,4,26,'S24_2011',60,222,5653,'Medium'),(1603,10248,10,1,'S24_2011',1,74,6960,'Medium'),(1604,10261,8,22,'S24_2011',44,75,4513,'Medium'),(1605,10273,11,25,'S24_2011',57,76,2785,'Small'),(1606,10283,13,18,'S24_2011',58,77,5316,'Medium'),(1607,10293,2,20,'S24_2011',37,128,2942,'Small'),(1608,10306,7,13,'S24_2011',78,79,3207,'Medium'),(1609,10315,6,2,'S24_2011',15,238,4215,'Medium'),(1610,10326,4,15,'S24_2011',25,224,4333,'Medium'),(1611,10337,4,1,'S24_2011',28,82,2087,'Small'),(1612,10350,7,14,'S24_2011',24,83,1711,'Small'),(1613,10372,8,19,'S24_2011',36,137,3911,'Medium'),(1614,10384,3,3,'S24_2011',5,86,2255,'Small'),(1615,10396,6,3,'S24_2011',40,142,5721,'Medium'),(1616,10414,10,8,'S24_2011',59,89,3335,'Medium'),(1617,10101,2,28,'S24_2022',73,207,2473,'Small'),(1618,10110,2,13,'S24_2022',78,179,1730,'Small'),(1619,10124,1,31,'S24_2022',85,167,996,'Small'),(1620,10149,6,3,'S24_2022',83,169,2415,'Small'),(1621,10162,4,3,'S24_2022',5,170,1560,'Small'),(1622,10173,8,20,'S24_2022',87,156,1113,'Small'),(1623,10182,5,3,'S24_2022',40,104,1139,'Small'),(1624,10193,9,5,'S24_2022',88,171,1012,'Small'),(1625,10205,4,14,'S24_2022',24,172,914,'Small'),(1626,10214,2,14,'S24_2022',26,201,2349,'Small'),(1627,10227,5,2,'S24_2022',31,173,1161,'Small'),(1628,10244,9,14,'S24_2022',24,174,1765,'Small'),(1629,10255,2,2,'S24_2022',84,215,1691,'Small'),(1630,10280,11,20,'S24_2022',37,42,2137,'Small'),(1631,10289,4,4,'S24_2022',8,176,2177,'Small'),(1632,10304,15,2,'S24_2022',39,44,1734,'Small'),(1633,10312,12,3,'S24_2022',40,45,865,'Small'),(1634,10322,4,21,'S24_2022',41,46,3500,'Medium'),(1635,10332,10,13,'S24_2022',78,160,2224,'Small'),(1636,10345,1,2,'S24_2022',47,202,2312,'Small'),(1637,10356,7,2,'S24_2022',3,161,828,'Small'),(1638,10367,12,3,'S24_2022',4,184,857,'Small'),(1639,10380,5,14,'S24_2022',24,177,1845,'Small'),(1640,10391,1,12,'S24_2022',43,52,4042,'Medium'),(1641,10421,2,3,'S24_2022',40,203,1828,'Small'),(1642,10103,1,4,'S24_2300',18,27,3680,'Medium'),(1643,10114,5,2,'S24_2300',63,90,2925,'Small'),(1644,10126,1,14,'S24_2300',26,29,3416,'Medium'),(1645,10140,1,3,'S24_2300',6,30,5105,'Medium'),(1646,10151,8,9,'S24_2300',61,146,5099,'Medium'),(1647,10165,17,16,'S24_2300',27,122,4662,'Medium'),(1648,10175,6,13,'S24_2300',50,33,2970,'Small'),(1649,10184,11,14,'S24_2300',82,70,3496,'Medium'),(1650,10194,1,2,'S24_2300',31,35,5761,'Medium'),(1651,10207,12,8,'S24_2300',65,92,6819,'Medium'),(1652,10217,1,16,'S24_2300',66,93,3149,'Medium'),(1653,10229,6,3,'S24_2300',40,94,5704,'Medium'),(1654,10246,10,14,'S24_2300',24,126,3521,'Medium'),(1655,10259,9,16,'S24_2300',66,40,5286,'Medium'),(1656,10271,10,3,'S24_2300',40,127,5605,'Medium'),(1657,10281,6,10,'S24_2300',19,95,2780,'Small'),(1658,10291,1,15,'S24_2300',38,43,5398,'Medium'),(1659,10305,10,8,'S24_2300',16,96,3190,'Medium'),(1660,10313,4,18,'S24_2300',32,97,5582,'Medium'),(1661,10324,2,1,'S24_2300',12,81,3820,'Medium'),(1662,10334,5,15,'S24_2300',25,98,5528,'Medium'),(1663,10348,1,14,'S24_2300',26,80,5981,'Medium'),(1664,10358,7,14,'S24_2300',24,49,5685,'Medium'),(1665,10371,5,3,'S24_2300',40,130,3449,'Medium'),(1666,10382,3,3,'S24_2300',40,51,2654,'Small'),(1667,10412,10,14,'S24_2300',24,148,8498,'Large'),(1668,10425,9,2,'S24_2300',15,54,5511,'Medium'),(1669,10108,15,27,'S24_2360',67,99,2060,'Small'),(1670,10121,2,2,'S24_2360',2,2,2460,'Small'),(1671,10135,16,3,'S24_2360',40,101,1788,'Small'),(1672,10145,3,3,'S24_2360',4,4,1646,'Small'),(1673,10159,11,3,'S24_2360',5,5,2169,'Small'),(1674,10169,11,12,'S24_2360',43,103,2816,'Small'),(1675,10180,6,2,'S24_2360',7,7,2521,'Small'),(1676,10190,3,14,'S24_2360',24,241,3200,'Medium'),(1677,10211,11,2,'S24_2360',10,10,1338,'Small'),(1678,10224,4,2,'S24_2360',7,134,2973,'Small'),(1679,10237,4,1,'S24_2360',12,12,2071,'Small'),(1680,10252,8,2,'S24_2360',10,225,3093,'Medium'),(1681,10264,6,8,'S24_2360',59,231,2409,'Small'),(1682,10276,12,8,'S24_2360',72,111,3473,'Medium'),(1683,10285,3,8,'S24_2360',16,16,2263,'Small'),(1684,10299,6,9,'S24_2360',17,17,2194,'Small'),(1685,10309,2,4,'S24_2360',18,18,1346,'Small'),(1686,10319,7,1,'S24_2360',80,115,2534,'Small'),(1687,10330,1,27,'S24_2360',67,228,3403,'Medium'),(1688,10341,6,11,'S24_2360',20,21,3307,'Medium'),(1689,10355,3,14,'S24_2360',24,229,2897,'Small'),(1690,10363,14,9,'S24_2360',74,116,2633,'Small'),(1691,10375,14,2,'S24_2360',15,23,2046,'Small'),(1692,10390,4,3,'S24_2360',40,163,2280,'Small'),(1693,10403,4,13,'S24_2360',23,25,2151,'Small'),(1694,10110,11,13,'S24_2766',78,179,3360,'Medium'),(1695,10124,10,31,'S24_2766',85,167,2326,'Small'),(1696,10148,4,12,'S24_2766',43,154,1546,'Small'),(1697,10161,3,24,'S24_2766',79,155,2145,'Small'),(1698,10172,1,7,'S24_2766',14,156,1639,'Small'),(1699,10182,14,3,'S24_2766',40,104,2650,'Small'),(1700,10192,2,21,'S24_2766',41,105,3846,'Medium'),(1701,10204,8,1,'S24_2766',75,106,4527,'Medium'),(1702,10212,1,14,'S24_2766',24,139,3966,'Medium'),(1703,10227,14,2,'S24_2766',31,173,4143,'Medium'),(1704,10241,6,2,'S24_2766',84,157,4442,'Medium'),(1705,10267,3,1,'S24_2766',75,239,3315,'Medium'),(1706,10279,3,14,'S24_2766',24,240,3919,'Medium'),(1707,10288,9,16,'S24_2766',66,183,2830,'Small'),(1708,10302,5,13,'S24_2766',23,67,5299,'Medium'),(1709,10311,4,14,'S24_2766',24,114,2621,'Small'),(1710,10321,1,8,'S24_2766',22,46,2181,'Small'),(1711,10332,7,13,'S24_2766',78,160,3382,'Medium'),(1712,10346,1,31,'S24_2766',85,48,2877,'Small'),(1713,10368,2,3,'S24_2766',40,242,4107,'Medium'),(1714,10380,6,14,'S24_2766',24,177,1350,'Small'),(1715,10407,6,3,'S24_2766',62,186,7182,'Large'),(1716,10420,9,12,'S24_2766',21,203,3934,'Medium'),(1717,10104,10,14,'S24_2840',24,135,1742,'Small'),(1718,10114,1,2,'S24_2840',63,90,721,'Small'),(1719,10127,12,1,'S24_2840',75,119,1489,'Small'),(1720,10141,6,9,'S24_2840',74,145,891,'Small'),(1721,10151,4,9,'S24_2840',61,146,1209,'Small'),(1722,10165,13,16,'S24_2840',27,122,859,'Small'),(1723,10175,2,13,'S24_2840',50,33,1151,'Small'),(1724,10184,7,14,'S24_2840',82,70,1336,'Small'),(1725,10195,7,1,'S24_2840',48,35,905,'Small'),(1726,10207,8,8,'S24_2840',65,92,1247,'Small'),(1727,10219,3,3,'S24_2840',83,147,847,'Small'),(1728,10229,2,3,'S24_2840',40,94,1085,'Small'),(1729,10246,6,14,'S24_2840',24,126,1767,'Small'),(1730,10259,5,16,'S24_2840',66,40,1030,'Small'),(1731,10271,6,3,'S24_2840',40,127,1585,'Small'),(1732,10281,2,10,'S24_2840',19,95,813,'Small'),(1733,10292,9,1,'S24_2840',1,43,1172,'Small'),(1734,10305,6,8,'S24_2840',16,96,1511,'Small'),(1735,10314,15,24,'S24_2840',79,97,1448,'Small'),(1736,10324,9,1,'S24_2840',12,81,3338,'Medium'),(1737,10335,2,3,'S24_2840',40,98,1225,'Small'),(1738,10349,3,1,'S24_2840',75,141,1337,'Small'),(1739,10358,4,14,'S24_2840',24,49,2986,'Small'),(1740,10371,8,3,'S24_2840',40,130,5546,'Medium'),(1741,10383,3,14,'S24_2840',24,206,6090,'Medium'),(1742,10394,6,14,'S24_2840',24,223,1789,'Small'),(1743,10412,6,14,'S24_2840',24,148,1082,'Small'),(1744,10425,5,2,'S24_2840',15,54,1030,'Small'),(1745,10106,13,20,'S24_2841',87,187,3659,'Medium'),(1746,10119,4,11,'S24_2841',20,64,2444,'Small'),(1747,10131,5,7,'S24_2841',89,188,2350,'Small'),(1748,10143,8,8,'S24_2841',51,66,1646,'Small'),(1749,10155,6,9,'S24_2841',17,67,1670,'Small'),(1750,10167,2,15,'S24_2841',38,68,1467,'Small'),(1751,10178,5,2,'S24_2841',52,69,2749,'Small'),(1752,10186,2,13,'S24_2841',53,70,1522,'Small'),(1753,10198,5,27,'S24_2841',67,189,3255,'Medium'),(1754,10209,1,3,'S24_2841',55,72,3535,'Medium'),(1755,10222,5,3,'S24_2841',56,73,2609,'Small'),(1756,10249,1,8,'S24_2841',34,233,1356,'Small'),(1757,10262,10,14,'S24_2841',24,191,1611,'Small'),(1758,10274,2,8,'S24_2841',42,76,2603,'Small'),(1759,10284,12,4,'S24_2841',86,192,2220,'Small'),(1760,10296,8,28,'S24_2841',90,193,1496,'Small'),(1761,10307,2,10,'S24_2841',30,79,1884,'Small'),(1762,10316,10,26,'S24_2841',60,80,2166,'Small'),(1763,10328,1,20,'S24_2841',87,234,2828,'Small'),(1764,10339,12,19,'S24_2841',36,59,6214,'Medium'),(1765,10351,5,13,'S24_2841',50,196,1867,'Small'),(1766,10373,7,9,'S24_2841',61,85,2677,'Small'),(1767,10386,1,14,'S24_2841',24,197,2182,'Small'),(1768,10398,3,2,'S24_2841',2,198,1611,'Small'),(1769,10400,2,3,'S24_2841',62,88,1480,'Small'),(1770,10415,1,5,'S24_2841',88,235,1424,'Small'),(1771,10110,10,13,'S24_2887',78,179,5942,'Medium'),(1772,10124,9,31,'S24_2887',85,167,2349,'Small'),(1773,10148,3,12,'S24_2887',43,154,4392,'Medium'),(1774,10161,2,24,'S24_2887',79,155,2760,'Small'),(1775,10173,16,20,'S24_2887',87,156,2728,'Small'),(1776,10182,13,3,'S24_2887',40,104,2396,'Small'),(1777,10192,1,21,'S24_2887',41,105,3052,'Medium'),(1778,10204,7,1,'S24_2887',75,106,4242,'Medium'),(1779,10213,3,13,'S24_2887',53,237,2790,'Small'),(1780,10227,13,2,'S24_2887',31,173,4340,'Medium'),(1781,10241,5,2,'S24_2887',84,157,2762,'Small'),(1782,10267,2,1,'S24_2887',75,239,4646,'Medium'),(1783,10279,2,14,'S24_2887',24,240,5581,'Medium'),(1784,10288,8,16,'S24_2887',66,183,6539,'Medium'),(1785,10302,4,13,'S24_2887',23,67,5549,'Medium'),(1786,10311,3,14,'S24_2887',24,114,4595,'Medium'),(1787,10332,11,13,'S24_2887',78,160,1859,'Small'),(1788,10346,5,31,'S24_2887',85,48,2094,'Small'),(1789,10368,5,3,'S24_2887',40,242,4223,'Medium'),(1790,10380,7,14,'S24_2887',24,177,1597,'Small'),(1791,10407,5,3,'S24_2887',62,186,5820,'Medium'),(1792,10420,8,12,'S24_2887',21,203,5297,'Medium'),(1793,10109,6,10,'S24_2972',46,152,931,'Small'),(1794,10122,4,2,'S24_2972',68,100,1207,'Small'),(1795,10135,1,3,'S24_2972',40,101,717,'Small'),(1796,10147,1,8,'S24_2972',42,102,1067,'Small'),(1797,10160,2,3,'S24_2972',55,138,1554,'Small'),(1798,10171,4,22,'S24_2972',44,156,1278,'Small'),(1799,10181,8,4,'S24_2972',8,104,1579,'Small'),(1800,10192,13,21,'S24_2972',41,105,918,'Small'),(1801,10203,2,14,'S24_2972',24,106,777,'Small'),(1802,10212,12,14,'S24_2972',24,139,1476,'Small'),(1803,10225,3,29,'S24_2972',70,107,1538,'Small'),(1804,10239,2,9,'S24_2972',61,149,891,'Small'),(1805,10253,7,13,'S24_2972',23,109,1707,'Small'),(1806,10266,8,20,'S24_2972',71,110,1374,'Small'),(1807,10278,8,31,'S24_2972',85,158,1206,'Small'),(1808,10287,6,29,'S24_2972',70,112,1427,'Small'),(1809,10301,10,4,'S24_2972',86,159,1649,'Small'),(1810,10310,4,28,'S24_2972',69,114,1383,'Small'),(1811,10321,12,8,'S24_2972',22,46,1230,'Small'),(1812,10331,13,10,'S24_2972',46,160,1140,'Small'),(1813,10342,9,5,'S24_2972',11,21,1576,'Small'),(1814,10355,4,14,'S24_2972',24,229,1387,'Small'),(1815,10367,2,3,'S24_2972',4,184,5018,'Medium'),(1816,10378,7,14,'S24_2972',24,185,5857,'Medium'),(1817,10390,5,3,'S24_2972',40,163,4895,'Medium'),(1818,10405,2,2,'S24_2972',84,151,2094,'Small'),(1819,10419,7,11,'S24_2972',20,117,640,'Small'),(1820,10105,4,24,'S24_3151',49,63,3194,'Medium'),(1821,10119,13,11,'S24_3151',20,64,3067,'Medium'),(1822,10129,4,13,'S24_3151',50,65,3883,'Medium'),(1823,10142,1,3,'S24_3151',40,120,4814,'Medium'),(1824,10154,2,3,'S24_3151',81,243,2826,'Small'),(1825,10167,11,15,'S24_3151',38,68,1593,'Small'),(1826,10177,2,14,'S24_3151',77,220,3266,'Medium'),(1827,10185,2,8,'S24_3151',51,70,2454,'Small'),(1828,10197,8,14,'S24_3151',54,71,3910,'Medium'),(1829,10208,2,2,'S24_3151',31,123,1788,'Small'),(1830,10222,14,3,'S24_3151',56,73,3328,'Medium'),(1831,10233,2,6,'S24_3151',13,244,3788,'Medium'),(1832,10248,5,1,'S24_3151',1,74,3054,'Medium'),(1833,10261,3,22,'S24_3151',44,75,2006,'Small'),(1834,10273,6,25,'S24_3151',57,76,2796,'Small'),(1835,10283,8,18,'S24_3151',58,77,3160,'Medium'),(1836,10295,3,8,'S24_3151',59,78,3909,'Medium'),(1837,10306,2,13,'S24_3151',78,79,2606,'Small'),(1838,10315,1,2,'S24_3151',15,238,2082,'Small'),(1839,10326,3,15,'S24_3151',25,224,3520,'Medium'),(1840,10339,13,19,'S24_3151',36,59,10758,'Large'),(1841,10350,9,14,'S24_3151',24,83,3021,'Medium'),(1842,10373,12,9,'S24_3151',61,85,1892,'Small'),(1843,10384,2,3,'S24_3151',5,86,4208,'Medium'),(1844,10396,7,3,'S24_3151',40,142,2246,'Small'),(1845,10414,5,8,'S24_3151',59,89,6107,'Medium'),(1846,10110,12,13,'S24_3191',78,179,1988,'Small'),(1847,10124,11,31,'S24_3191',85,167,4069,'Medium'),(1848,10148,5,12,'S24_3191',43,154,2282,'Small'),(1849,10161,4,24,'S24_3191',79,155,1541,'Small'),(1850,10172,2,7,'S24_3191',14,156,1952,'Small'),(1851,10182,15,3,'S24_3191',40,104,3108,'Medium'),(1852,10192,3,21,'S24_3191',41,105,2329,'Small'),(1853,10204,9,1,'S24_3191',75,106,3185,'Medium'),(1854,10212,2,14,'S24_3191',24,139,2150,'Small'),(1855,10227,15,2,'S24_3191',31,173,3185,'Medium'),(1856,10241,7,2,'S24_3191',84,157,2115,'Small'),(1857,10267,4,1,'S24_3191',75,239,4257,'Medium'),(1858,10279,4,14,'S24_3191',24,240,2345,'Small'),(1859,10288,10,16,'S24_3191',66,183,2329,'Small'),(1860,10302,6,13,'S24_3191',23,67,3575,'Medium'),(1861,10311,5,14,'S24_3191',24,114,2076,'Small'),(1862,10321,2,8,'S24_3191',22,46,3305,'Medium'),(1863,10332,12,13,'S24_3191',78,160,1539,'Small'),(1864,10346,2,31,'S24_3191',85,48,3326,'Medium'),(1865,10368,1,3,'S24_3191',40,242,3663,'Medium'),(1866,10380,9,14,'S24_3191',24,177,3479,'Medium'),(1867,10407,7,3,'S24_3191',62,186,1057,'Small'),(1868,10420,10,12,'S24_3191',21,203,3386,'Medium'),(1869,10108,5,27,'S24_3371',67,99,1892,'Small'),(1870,10122,9,2,'S24_3371',68,100,1707,'Small'),(1871,10135,6,3,'S24_3371',40,101,1786,'Small'),(1872,10147,6,8,'S24_3371',42,102,2057,'Small'),(1873,10159,1,3,'S24_3371',5,5,3490,'Medium'),(1874,10169,1,12,'S24_3371',43,103,1707,'Small'),(1875,10181,13,4,'S24_3371',8,104,1507,'Small'),(1876,10191,2,28,'S24_3371',69,105,2880,'Small'),(1877,10203,7,14,'S24_3371',24,106,2207,'Small'),(1878,10211,1,2,'S24_3371',10,10,2351,'Small'),(1879,10225,8,29,'S24_3371',70,107,1205,'Small'),(1880,10238,2,24,'S24_3371',49,108,2935,'Small'),(1881,10253,12,13,'S24_3371',23,109,1264,'Small'),(1882,10266,13,20,'S24_3371',71,110,2935,'Small'),(1883,10276,2,8,'S24_3371',72,111,1225,'Small'),(1884,10287,11,29,'S24_3371',70,112,1359,'Small'),(1885,10300,4,28,'S24_3371',73,113,1822,'Small'),(1886,10310,9,28,'S24_3371',69,114,2164,'Small'),(1887,10320,2,15,'S24_3371',25,115,1592,'Small'),(1888,10331,9,10,'S24_3371',46,160,3079,'Medium'),(1889,10342,10,5,'S24_3371',11,21,2998,'Small'),(1890,10355,6,14,'S24_3371',24,229,2748,'Small'),(1891,10363,15,9,'S24_3371',74,116,2448,'Small'),(1892,10378,6,14,'S24_3371',24,185,1911,'Small'),(1893,10390,6,3,'S24_3371',40,163,2431,'Small'),(1894,10419,12,11,'S24_3371',20,117,2896,'Small'),(1895,10106,14,20,'S24_3420',87,187,1631,'Small'),(1896,10119,5,11,'S24_3420',20,64,1460,'Small'),(1897,10131,6,7,'S24_3420',89,188,1716,'Small'),(1898,10143,9,8,'S24_3420',51,66,2560,'Small'),(1899,10155,7,9,'S24_3420',17,67,1900,'Small'),(1900,10167,3,15,'S24_3420',38,68,2020,'Small'),(1901,10178,6,2,'S24_3420',52,69,1988,'Small'),(1902,10186,3,13,'S24_3420',53,70,1450,'Small'),(1903,10198,6,27,'S24_3420',67,189,1935,'Small'),(1904,10209,2,3,'S24_3420',55,72,2793,'Small'),(1905,10222,6,3,'S24_3420',56,73,3025,'Medium'),(1906,10249,2,8,'S24_3420',34,233,1743,'Small'),(1907,10262,11,14,'S24_3420',24,191,3236,'Medium'),(1908,10274,3,8,'S24_3420',42,76,1736,'Small'),(1909,10284,13,4,'S24_3420',86,192,2795,'Small'),(1910,10296,9,28,'S24_3420',90,193,1672,'Small'),(1911,10307,3,10,'S24_3420',30,79,1577,'Small'),(1912,10316,11,26,'S24_3420',60,80,3616,'Medium'),(1913,10328,2,20,'S24_3420',87,234,1460,'Small'),(1914,10339,14,19,'S24_3420',36,59,2891,'Small'),(1915,10351,4,13,'S24_3420',50,196,2598,'Small'),(1916,10361,6,12,'S24_3420',21,22,3872,'Medium'),(1917,10373,11,9,'S24_3420',61,85,3036,'Medium'),(1918,10386,9,14,'S24_3420',24,197,2232,'Small'),(1919,10398,13,2,'S24_3420',2,198,2437,'Small'),(1920,10400,3,3,'S24_3420',62,88,2174,'Small'),(1921,10415,2,5,'S24_3420',88,235,1255,'Small'),(1922,10110,14,13,'S24_3432',78,179,3724,'Medium'),(1923,10124,13,31,'S24_3432',85,167,5203,'Medium'),(1924,10148,7,12,'S24_3432',43,154,3470,'Medium'),(1925,10161,6,24,'S24_3432',79,155,3148,'Medium'),(1926,10172,4,7,'S24_3432',14,156,2167,'Small'),(1927,10182,17,3,'S24_3432',40,104,6244,'Medium'),(1928,10192,5,21,'S24_3432',41,105,5566,'Medium'),(1929,10204,11,1,'S24_3432',75,106,4369,'Medium'),(1930,10212,4,14,'S24_3432',24,139,4039,'Medium'),(1931,10226,2,3,'S24_3432',56,182,4420,'Medium'),(1932,10241,9,2,'S24_3432',84,157,2342,'Small'),(1933,10267,6,1,'S24_3432',75,239,5111,'Medium'),(1934,10279,6,14,'S24_3432',24,240,6168,'Medium'),(1935,10288,12,16,'S24_3432',66,183,4873,'Medium'),(1936,10301,2,4,'S24_3432',86,159,2120,'Small'),(1937,10311,7,14,'S24_3432',24,114,4236,'Medium'),(1938,10321,4,8,'S24_3432',22,46,1889,'Small'),(1939,10332,13,13,'S24_3432',78,160,1153,'Small'),(1940,10346,6,31,'S24_3432',85,48,2493,'Small'),(1941,10368,4,3,'S24_3432',40,242,1992,'Small'),(1942,10380,11,14,'S24_3432',24,177,3953,'Medium'),(1943,10407,9,3,'S24_3432',62,186,3729,'Medium'),(1944,10420,12,12,'S24_3432',21,203,2617,'Small'),(1945,10105,1,24,'S24_3816',49,63,3984,'Medium'),(1946,10119,10,11,'S24_3816',20,64,3170,'Medium'),(1947,10129,1,13,'S24_3816',50,65,3900,'Medium'),(1948,10143,14,8,'S24_3816',51,66,1852,'Small'),(1949,10155,12,9,'S24_3816',17,67,2513,'Small'),(1950,10167,8,15,'S24_3816',38,68,2432,'Small'),(1951,10178,11,2,'S24_3816',52,69,1515,'Small'),(1952,10186,8,13,'S24_3816',53,70,3079,'Medium'),(1953,10197,5,14,'S24_3816',54,71,1900,'Small'),(1954,10209,7,3,'S24_3816',55,72,1974,'Small'),(1955,10222,11,3,'S24_3816',56,73,3703,'Medium'),(1956,10248,2,1,'S24_3816',1,74,1755,'Small'),(1957,10262,16,14,'S24_3816',24,191,4273,'Medium'),(1958,10273,3,25,'S24_3816',57,76,3985,'Medium'),(1959,10283,5,18,'S24_3816',58,77,2408,'Small'),(1960,10296,14,28,'S24_3816',90,193,1697,'Small'),(1961,10307,8,10,'S24_3816',30,79,2011,'Small'),(1962,10316,16,26,'S24_3816',60,80,2306,'Small'),(1963,10326,2,15,'S24_3816',25,224,1845,'Small'),(1964,10339,16,19,'S24_3816',36,59,2493,'Small'),(1965,10350,10,14,'S24_3816',24,83,1509,'Small'),(1966,10373,10,9,'S24_3816',61,85,2394,'Small'),(1967,10385,2,3,'S24_3816',40,245,3165,'Medium'),(1968,10396,8,3,'S24_3816',40,142,3351,'Medium'),(1969,10400,8,3,'S24_3816',62,88,3064,'Medium'),(1970,10414,2,8,'S24_3816',59,89,3892,'Medium'),(1971,10108,1,27,'S24_3856',67,99,5449,'Medium'),(1972,10122,5,2,'S24_3856',68,100,5495,'Medium'),(1973,10135,2,3,'S24_3856',40,101,6336,'Medium'),(1974,10147,2,8,'S24_3856',42,102,2907,'Small'),(1975,10160,3,3,'S24_3856',55,138,4768,'Medium'),(1976,10170,1,11,'S24_3856',64,103,3820,'Medium'),(1977,10181,9,4,'S24_3856',8,104,3862,'Medium'),(1978,10192,14,21,'S24_3856',41,105,6319,'Medium'),(1979,10203,3,14,'S24_3856',24,106,6996,'Medium'),(1980,10212,13,14,'S24_3856',24,139,6950,'Medium'),(1981,10225,4,29,'S24_3856',70,107,4550,'Medium'),(1982,10239,3,9,'S24_3856',61,149,4480,'Medium'),(1983,10253,8,13,'S24_3856',23,109,5148,'Medium'),(1984,10266,9,20,'S24_3856',71,110,2932,'Small'),(1985,10278,9,31,'S24_3856',85,158,3160,'Medium'),(1986,10287,7,29,'S24_3856',70,112,4297,'Medium'),(1987,10301,11,4,'S24_3856',86,159,7724,'Large'),(1988,10310,5,28,'S24_3856',69,114,5498,'Medium'),(1989,10321,13,8,'S24_3856',22,46,4053,'Medium'),(1990,10331,1,10,'S24_3856',46,160,3136,'Medium'),(1991,10342,6,5,'S24_3856',11,21,5014,'Medium'),(1992,10355,8,14,'S24_3856',24,229,5303,'Medium'),(1993,10363,1,9,'S24_3856',74,116,2932,'Small'),(1994,10378,3,14,'S24_3856',24,185,1758,'Small'),(1995,10390,8,3,'S24_3856',40,163,6763,'Medium'),(1996,10405,3,2,'S24_3856',84,151,11740,'Large'),(1997,10419,8,11,'S24_3856',20,117,9240,'Large'),(1998,10106,11,20,'S24_3949',87,187,3242,'Medium'),(1999,10119,2,11,'S24_3949',20,64,1968,'Small'),(2000,10131,3,7,'S24_3949',89,188,4095,'Medium'),(2001,10143,6,8,'S24_3949',51,66,1853,'Small'),(2002,10155,4,9,'S24_3949',17,67,3393,'Medium'),(2003,10168,18,3,'S24_3949',6,6,1972,'Small'),(2004,10178,3,2,'S24_3949',52,69,2170,'Small'),(2005,10198,3,27,'S24_3949',67,189,2846,'Small'),(2006,10210,16,23,'S24_3949',45,56,2018,'Small'),(2007,10222,3,3,'S24_3949',56,73,2719,'Small'),(2008,10235,12,18,'S24_3949',58,211,1982,'Small'),(2009,10250,13,3,'S24_3949',62,190,3002,'Medium'),(2010,10262,8,14,'S24_3949',24,191,2948,'Small'),(2011,10275,18,2,'S24_3949',15,15,3357,'Medium'),(2012,10284,10,4,'S24_3949',86,192,1175,'Small'),(2013,10296,6,28,'S24_3949',90,193,2293,'Small'),(2014,10308,16,1,'S24_3949',48,18,3286,'Medium'),(2015,10316,8,26,'S24_3949',60,80,2334,'Small'),(2016,10328,3,20,'S24_3949',87,234,2675,'Small'),(2017,10339,11,19,'S24_3949',36,59,4361,'Medium'),(2018,10351,3,13,'S24_3949',50,196,2019,'Small'),(2019,10361,7,12,'S24_3949',21,22,3711,'Medium'),(2020,10373,13,9,'S24_3949',61,85,2847,'Small'),(2021,10386,12,14,'S24_3949',24,197,3006,'Medium'),(2022,10398,2,2,'S24_3949',2,198,2798,'Small'),(2023,10401,12,6,'S24_3949',13,214,3843,'Medium'),(2024,10416,13,20,'S24_3949',71,199,1351,'Small'),(2025,10100,1,21,'S24_3969',41,200,1689,'Small'),(2026,10110,5,13,'S24_3969',78,179,1655,'Small'),(2027,10124,4,31,'S24_3969',85,167,1529,'Small'),(2028,10149,9,3,'S24_3969',83,169,1013,'Small'),(2029,10162,7,3,'S24_3969',5,170,1442,'Small'),(2030,10173,11,20,'S24_3969',87,156,1163,'Small'),(2031,10182,8,3,'S24_3969',40,104,972,'Small'),(2032,10193,12,5,'S24_3969',88,171,903,'Small'),(2033,10204,2,1,'S24_3969',75,106,1296,'Small'),(2034,10214,5,14,'S24_3969',26,201,1535,'Small'),(2035,10227,8,2,'S24_3969',31,173,1185,'Small'),(2036,10242,1,1,'S24_3969',80,246,1699,'Small'),(2037,10280,14,20,'S24_3969',37,42,1381,'Small'),(2038,10288,3,16,'S24_3969',66,183,1340,'Small'),(2039,10303,1,14,'S24_3969',82,205,965,'Small'),(2040,10312,15,3,'S24_3969',40,45,1094,'Small'),(2041,10332,14,13,'S24_3969',78,160,3167,'Medium'),(2042,10346,4,31,'S24_3969',85,48,2144,'Small'),(2043,10368,3,3,'S24_3969',40,242,1718,'Small'),(2044,10380,12,14,'S24_3969',24,177,4086,'Medium'),(2045,10408,1,19,'S24_3969',36,186,554,'Small'),(2046,10420,3,12,'S24_3969',21,203,652,'Small'),(2047,10104,5,14,'S24_4048',24,135,2922,'Small'),(2048,10115,1,1,'S24_4048',28,144,5569,'Medium'),(2049,10127,7,1,'S24_4048',75,119,1940,'Small'),(2050,10141,1,9,'S24_4048',74,145,3785,'Medium'),(2051,10152,3,17,'S24_4048',29,236,2802,'Small'),(2052,10165,8,16,'S24_4048',27,122,2385,'Small'),(2053,10176,7,20,'S24_4048',71,33,2916,'Small'),(2054,10184,2,14,'S24_4048',82,70,5796,'Medium'),(2055,10195,2,1,'S24_4048',48,35,3700,'Medium'),(2056,10207,3,8,'S24_4048',65,92,2981,'Small'),(2057,10220,7,30,'S24_4048',76,124,5033,'Medium'),(2058,10230,5,28,'S24_4048',73,136,4737,'Medium'),(2059,10246,1,14,'S24_4048',24,126,6311,'Medium'),(2060,10271,1,3,'S24_4048',40,127,3071,'Medium'),(2061,10282,10,3,'S24_4048',40,77,4797,'Medium'),(2062,10292,4,1,'S24_4048',1,43,3832,'Medium'),(2063,10305,1,8,'S24_4048',16,96,4641,'Medium'),(2064,10314,10,24,'S24_4048',79,97,4000,'Medium'),(2065,10325,5,4,'S24_4048',18,81,5326,'Medium'),(2066,10336,5,2,'S24_4048',63,129,4619,'Medium'),(2067,10349,2,1,'S24_4048',75,141,3183,'Medium'),(2068,10359,7,2,'S24_4048',2,84,2603,'Small'),(2069,10371,9,3,'S24_4048',40,130,1409,'Small'),(2070,10383,4,14,'S24_4048',24,206,1972,'Small'),(2071,10394,7,14,'S24_4048',24,223,5208,'Medium'),(2072,10412,1,14,'S24_4048',24,148,4253,'Medium'),(2073,10103,15,4,'S24_4258',18,27,2873,'Small'),(2074,10111,3,3,'S24_4258',9,166,2254,'Small'),(2075,10126,15,14,'S24_4258',26,29,3576,'Medium'),(2076,10139,4,12,'S24_4258',21,168,3276,'Medium'),(2077,10149,1,3,'S24_4258',83,169,1811,'Small'),(2078,10163,5,1,'S24_4258',28,32,3845,'Medium'),(2079,10173,3,20,'S24_4258',87,156,2571,'Small'),(2080,10183,12,10,'S24_4258',30,34,5035,'Medium'),(2081,10193,4,5,'S24_4258',88,171,2279,'Small'),(2082,10206,10,18,'S24_4258',32,36,3214,'Medium'),(2083,10215,7,3,'S24_4258',33,37,3532,'Medium'),(2084,10228,6,8,'S24_4258',34,38,3407,'Medium'),(2085,10244,4,14,'S24_4258',24,174,3467,'Medium'),(2086,10257,4,3,'S24_4258',62,216,3629,'Medium'),(2087,10269,2,11,'S24_4258',20,217,4675,'Medium'),(2088,10280,6,20,'S24_4258',37,42,1657,'Small'),(2089,10290,1,8,'S24_4258',92,227,5171,'Medium'),(2090,10304,10,2,'S24_4258',39,44,3343,'Medium'),(2091,10312,7,3,'S24_4258',40,45,4885,'Medium'),(2092,10324,3,1,'S24_4258',12,81,6268,'Medium'),(2093,10333,1,3,'S24_4258',9,47,4424,'Medium'),(2094,10348,2,14,'S24_4258',26,80,1962,'Small'),(2095,10358,6,14,'S24_4258',24,49,6847,'Medium'),(2096,10369,3,8,'S24_4258',42,50,3477,'Medium'),(2097,10382,4,3,'S24_4258',40,51,4593,'Medium'),(2098,10423,4,25,'S24_4258',57,178,2209,'Small'),(2099,10106,3,20,'S24_4278',87,187,1658,'Small'),(2100,10120,9,5,'S24_4278',11,55,2479,'Small'),(2101,10133,4,14,'S24_4278',24,210,3566,'Medium'),(2102,10145,15,3,'S24_4278',4,4,2797,'Small'),(2103,10168,10,3,'S24_4278',6,6,3756,'Medium'),(2104,10210,8,23,'S24_4278',45,56,2840,'Small'),(2105,10223,10,5,'S24_4278',11,11,1716,'Small'),(2106,10235,4,18,'S24_4278',58,211,3246,'Medium'),(2107,10250,5,3,'S24_4278',62,190,2761,'Small'),(2108,10263,11,7,'S24_4278',14,14,1808,'Small'),(2109,10275,10,2,'S24_4278',15,15,1682,'Small'),(2110,10284,2,4,'S24_4278',86,192,1491,'Small'),(2111,10297,5,30,'S24_4278',76,212,1666,'Small'),(2112,10308,8,1,'S24_4278',48,18,3666,'Medium'),(2113,10317,1,3,'S24_4278',6,19,2916,'Small'),(2114,10328,4,20,'S24_4278',87,234,2617,'Small'),(2115,10340,1,14,'S24_4278',54,21,3391,'Medium'),(2116,10353,3,7,'S24_4278',89,213,3147,'Medium'),(2117,10361,1,12,'S24_4278',21,22,1562,'Small'),(2118,10375,2,2,'S24_4278',15,23,10040,'Large'),(2119,10386,8,14,'S24_4278',24,197,3167,'Medium'),(2120,10398,14,2,'S24_4278',2,198,3521,'Medium'),(2121,10401,4,6,'S24_4278',13,214,4219,'Medium'),(2122,10416,5,20,'S24_4278',71,199,3582,'Medium'),(2123,10108,10,27,'S24_4620',67,99,2130,'Small'),(2124,10122,14,2,'S24_4620',68,100,2063,'Small'),(2125,10135,11,3,'S24_4620',40,101,2008,'Small'),(2126,10147,11,8,'S24_4620',42,102,2005,'Small'),(2127,10159,6,3,'S24_4620',5,5,1543,'Small'),(2128,10169,6,12,'S24_4620',43,103,2270,'Small'),(2129,10180,1,2,'S24_4620',7,7,1992,'Small'),(2130,10191,7,28,'S24_4620',69,105,2917,'Small'),(2131,10211,6,2,'S24_4620',10,10,2028,'Small'),(2132,10225,13,29,'S24_4620',70,107,3235,'Medium'),(2133,10238,7,24,'S24_4620',49,108,2063,'Small'),(2134,10252,3,2,'S24_4620',10,225,3318,'Medium'),(2135,10264,1,8,'S24_4620',59,231,3914,'Medium'),(2136,10276,7,8,'S24_4620',72,111,3609,'Medium'),(2137,10287,16,29,'S24_4620',70,112,3525,'Medium'),(2138,10299,1,9,'S24_4620',17,17,2587,'Small'),(2139,10310,14,28,'S24_4620',69,114,4753,'Medium'),(2140,10319,2,1,'S24_4620',80,115,3685,'Medium'),(2141,10331,2,10,'S24_4620',46,160,5715,'Medium'),(2142,10343,1,2,'S24_4620',2,21,3099,'Medium'),(2143,10355,9,14,'S24_4620',24,229,2671,'Small'),(2144,10363,9,9,'S24_4620',74,116,5154,'Medium'),(2145,10378,2,14,'S24_4620',24,185,4894,'Medium'),(2146,10390,10,3,'S24_4620',40,163,2473,'Small'),(2147,10103,3,4,'S32_1268',18,27,3224,'Medium'),(2148,10114,7,2,'S32_1268',63,90,3668,'Medium'),(2149,10126,3,14,'S32_1268',26,29,4141,'Medium'),(2150,10140,3,3,'S32_1268',6,30,2830,'Small'),(2151,10151,10,9,'S32_1268',61,146,3069,'Medium'),(2152,10164,1,11,'S32_1268',64,91,2635,'Small'),(2153,10175,8,13,'S32_1268',50,33,2437,'Small'),(2154,10184,13,14,'S32_1268',82,70,4607,'Medium'),(2155,10194,3,2,'S32_1268',31,35,3599,'Medium'),(2156,10207,14,8,'S32_1268',65,92,3964,'Medium'),(2157,10217,3,16,'S32_1268',66,93,2245,'Small'),(2158,10229,8,3,'S32_1268',40,94,2793,'Small'),(2159,10245,1,7,'S32_1268',35,39,4134,'Medium'),(2160,10259,11,16,'S32_1268',66,40,3901,'Medium'),(2161,10270,1,12,'S32_1268',21,41,2743,'Small'),(2162,10281,8,10,'S32_1268',19,95,2402,'Small'),(2163,10291,3,15,'S32_1268',38,43,2179,'Small'),(2164,10305,12,8,'S32_1268',16,96,3155,'Medium'),(2165,10313,6,18,'S32_1268',32,97,2366,'Small'),(2166,10324,11,1,'S32_1268',12,81,1964,'Small'),(2167,10335,1,3,'S32_1268',40,98,4746,'Medium'),(2168,10348,3,14,'S32_1268',26,80,6387,'Medium'),(2169,10358,1,14,'S32_1268',24,49,4428,'Medium'),(2170,10371,1,3,'S32_1268',40,130,4044,'Medium'),(2171,10382,6,3,'S32_1268',40,51,2708,'Small'),(2172,10411,1,22,'S32_1268',44,53,2905,'Small'),(2173,10425,11,2,'S32_1268',15,54,3554,'Medium'),(2174,10107,8,1,'S32_1374',1,1,1858,'Small'),(2175,10120,6,5,'S32_1374',11,55,2461,'Small'),(2176,10133,1,14,'S32_1374',24,210,2642,'Small'),(2177,10145,12,3,'S32_1374',4,4,3099,'Medium'),(2178,10168,7,3,'S32_1374',6,6,3244,'Medium'),(2179,10188,7,4,'S32_1374',8,8,4351,'Medium'),(2180,10210,5,23,'S32_1374',45,56,3676,'Medium'),(2181,10223,7,5,'S32_1374',11,11,2475,'Small'),(2182,10235,1,18,'S32_1374',58,211,4177,'Medium'),(2183,10250,2,3,'S32_1374',62,190,3282,'Medium'),(2184,10263,8,7,'S32_1374',14,14,2477,'Small'),(2185,10275,7,2,'S32_1374',15,15,1884,'Small'),(2186,10285,12,8,'S32_1374',16,16,3659,'Medium'),(2187,10297,2,30,'S32_1374',76,212,2857,'Small'),(2188,10308,5,1,'S32_1374',48,18,1918,'Small'),(2189,10318,7,10,'S32_1374',19,19,5305,'Medium'),(2190,10329,11,1,'S32_1374',1,20,2876,'Small'),(2191,10340,2,14,'S32_1374',54,21,6483,'Medium'),(2192,10353,5,7,'S32_1374',89,213,3734,'Medium'),(2193,10363,2,9,'S32_1374',74,116,6577,'Medium'),(2194,10375,3,2,'S32_1374',15,23,6353,'Medium'),(2195,10387,1,16,'S32_1374',27,247,4176,'Medium'),(2196,10401,1,6,'S32_1374',13,214,4993,'Medium'),(2197,10416,2,20,'S32_1374',71,199,4765,'Medium'),(2198,10108,13,27,'S32_2206',67,99,1173,'Small'),(2199,10122,17,2,'S32_2206',68,100,1384,'Small'),(2200,10135,14,3,'S32_2206',40,101,1328,'Small'),(2201,10145,1,3,'S32_2206',4,4,1110,'Small'),(2202,10159,9,3,'S32_2206',5,5,1239,'Small'),(2203,10169,9,12,'S32_2206',43,103,1036,'Small'),(2204,10180,4,2,'S32_2206',7,7,1546,'Small'),(2205,10190,1,14,'S32_2206',24,241,1518,'Small'),(2206,10211,9,2,'S32_2206',10,10,1732,'Small'),(2207,10224,2,2,'S32_2206',7,134,1695,'Small'),(2208,10237,2,1,'S32_2206',12,12,1046,'Small'),(2209,10252,6,2,'S32_2206',10,225,1738,'Small'),(2210,10264,4,8,'S32_2206',59,231,652,'Small'),(2211,10276,10,8,'S32_2206',72,111,988,'Small'),(2212,10285,1,8,'S32_2206',16,16,1518,'Small'),(2213,10299,4,9,'S32_2206',17,17,1014,'Small'),(2214,10310,17,28,'S32_2206',69,114,1550,'Small'),(2215,10319,5,1,'S32_2206',80,115,1108,'Small'),(2216,10331,3,10,'S32_2206',46,160,4103,'Medium'),(2217,10343,5,2,'S32_2206',2,21,3713,'Medium'),(2218,10355,10,14,'S32_2206',24,229,1514,'Small'),(2219,10364,1,2,'S32_2206',68,116,2317,'Small'),(2220,10378,1,14,'S32_2206',24,185,3298,'Medium'),(2221,10390,11,3,'S32_2206',40,163,1827,'Small'),(2222,10403,2,13,'S32_2206',23,25,1207,'Small'),(2223,10104,11,14,'S32_2509',24,135,1667,'Small'),(2224,10114,2,2,'S32_2509',63,90,1560,'Small'),(2225,10127,13,1,'S32_2509',75,119,2338,'Small'),(2226,10141,7,9,'S32_2509',74,145,1104,'Small'),(2227,10151,5,9,'S32_2509',61,146,2618,'Small'),(2228,10165,14,16,'S32_2509',27,122,2208,'Small'),(2229,10175,3,13,'S32_2509',50,33,3166,'Medium'),(2230,10184,8,14,'S32_2509',82,70,2071,'Small'),(2231,10195,8,1,'S32_2509',48,35,1385,'Small'),(2232,10207,9,8,'S32_2509',65,92,1622,'Small'),(2233,10219,4,3,'S32_2509',83,147,1932,'Small'),(2234,10229,3,3,'S32_2509',40,94,1245,'Small'),(2235,10246,7,14,'S32_2509',24,126,1705,'Small'),(2236,10259,6,16,'S32_2509',66,40,1753,'Small'),(2237,10271,7,3,'S32_2509',40,127,1667,'Small'),(2238,10281,3,10,'S32_2509',19,95,1711,'Small'),(2239,10292,10,1,'S32_2509',1,43,2327,'Small'),(2240,10305,7,8,'S32_2509',16,96,2316,'Small'),(2241,10313,1,18,'S32_2509',32,97,1727,'Small'),(2242,10325,3,4,'S32_2509',18,81,8844,'Large'),(2243,10335,3,3,'S32_2509',40,98,2424,'Small'),(2244,10349,1,1,'S32_2509',75,141,1535,'Small'),(2245,10359,3,2,'S32_2509',2,84,6359,'Medium'),(2246,10371,2,3,'S32_2509',40,130,1329,'Small'),(2247,10383,5,14,'S32_2509',24,206,1702,'Small'),(2248,10394,3,14,'S32_2509',24,223,2260,'Small'),(2249,10412,7,14,'S32_2509',24,148,925,'Small'),(2250,10425,6,2,'S32_2509',15,54,482,'Small'),(2251,10104,4,14,'S32_3207',24,135,3228,'Medium'),(2252,10116,1,25,'S32_3207',91,248,1711,'Small'),(2253,10127,6,1,'S32_3207',75,119,2054,'Small'),(2254,10142,16,3,'S32_3207',40,120,3132,'Medium'),(2255,10152,2,17,'S32_3207',29,236,1681,'Small'),(2256,10165,7,16,'S32_3207',27,122,2351,'Small'),(2257,10176,6,20,'S32_3207',71,33,1408,'Small'),(2258,10184,1,14,'S32_3207',82,70,2446,'Small'),(2259,10195,1,1,'S32_3207',48,35,1804,'Small'),(2260,10207,2,8,'S32_3207',65,92,2545,'Small'),(2261,10220,6,30,'S32_3207',76,124,1056,'Small'),(2262,10230,4,28,'S32_3207',73,136,2801,'Small'),(2263,10247,6,9,'S32_3207',74,126,1988,'Small'),(2264,10272,6,10,'S32_3207',19,127,2908,'Small'),(2265,10282,9,3,'S32_3207',40,77,2147,'Small'),(2266,10292,3,1,'S32_3207',1,43,2100,'Small'),(2267,10306,17,13,'S32_3207',78,79,2315,'Small'),(2268,10314,9,24,'S32_3207',79,97,2327,'Small'),(2269,10325,2,4,'S32_3207',18,81,5377,'Medium'),(2270,10336,9,2,'S32_3207',63,129,2626,'Small'),(2271,10350,14,14,'S32_3207',24,83,4406,'Medium'),(2272,10359,1,2,'S32_3207',2,84,4301,'Medium'),(2273,10371,11,3,'S32_3207',40,130,2987,'Small'),(2274,10383,8,14,'S32_3207',24,206,1587,'Small'),(2275,10394,4,14,'S32_3207',24,223,1808,'Small'),(2276,10413,6,7,'S32_3207',14,131,1193,'Small'),(2277,10103,7,4,'S32_3522',18,27,3403,'Medium'),(2278,10113,1,3,'S32_3522',40,132,1576,'Small'),(2279,10126,7,14,'S32_3522',26,29,1630,'Small'),(2280,10140,7,3,'S32_3522',6,30,1701,'Small'),(2281,10150,4,16,'S32_3522',27,31,2851,'Small'),(2282,10164,5,11,'S32_3522',64,91,2692,'Small'),(2283,10175,12,13,'S32_3522',50,33,2174,'Small'),(2284,10183,4,10,'S32_3522',30,34,3167,'Medium'),(2285,10194,7,2,'S32_3522',31,35,2143,'Small'),(2286,10206,2,18,'S32_3522',32,36,2118,'Small'),(2287,10217,7,16,'S32_3522',66,93,2420,'Small'),(2288,10229,12,3,'S32_3522',40,94,2191,'Small'),(2289,10245,5,7,'S32_3522',35,39,3043,'Medium'),(2290,10258,2,19,'S32_3522',36,40,1228,'Small'),(2291,10270,5,12,'S32_3522',21,41,1330,'Small'),(2292,10281,12,10,'S32_3522',19,95,2793,'Small'),(2293,10291,7,15,'S32_3522',38,43,2296,'Small'),(2294,10304,2,2,'S32_3522',39,44,2629,'Small'),(2295,10313,10,18,'S32_3522',32,97,1912,'Small'),(2296,10324,4,1,'S32_3522',12,81,8209,'Large'),(2297,10333,4,3,'S32_3522',9,47,2432,'Small'),(2298,10348,5,14,'S32_3522',26,80,3140,'Medium'),(2299,10358,2,14,'S32_3522',24,49,5670,'Medium'),(2300,10370,3,12,'S32_3522',43,50,3160,'Medium'),(2301,10382,8,3,'S32_3522',40,51,6800,'Medium'),(2302,10411,5,22,'S32_3522',44,53,1867,'Small'),(2303,10424,2,14,'S32_3522',24,54,2702,'Small'),(2304,10106,5,20,'S32_4289',87,187,2406,'Small'),(2305,10120,11,5,'S32_4289',11,55,2095,'Small'),(2306,10133,6,14,'S32_4289',24,210,2798,'Small'),(2307,10144,1,25,'S32_4289',91,249,1637,'Small'),(2308,10168,12,3,'S32_4289',6,6,2282,'Small'),(2309,10210,10,23,'S32_4289',45,56,2307,'Small'),(2310,10223,12,5,'S32_4289',11,11,1321,'Small'),(2311,10235,6,18,'S32_4289',58,211,2643,'Small'),(2312,10250,7,3,'S32_4289',62,190,3061,'Medium'),(2313,10262,2,14,'S32_4289',24,191,3164,'Medium'),(2314,10275,12,2,'S32_4289',15,15,1791,'Small'),(2315,10284,4,4,'S32_4289',86,192,4093,'Medium'),(2316,10297,7,30,'S32_4289',76,212,2234,'Small'),(2317,10308,10,1,'S32_4289',48,18,3038,'Medium'),(2318,10316,2,26,'S32_4289',60,80,1420,'Small'),(2319,10328,5,20,'S32_4289',87,234,1948,'Small'),(2320,10340,3,14,'S32_4289',54,21,2307,'Small'),(2321,10353,7,7,'S32_4289',89,213,1780,'Small'),(2322,10361,2,12,'S32_4289',21,22,3544,'Medium'),(2323,10375,4,2,'S32_4289',15,23,3619,'Medium'),(2324,10388,8,8,'S32_4289',22,24,3919,'Medium'),(2325,10398,4,2,'S32_4289',2,198,1483,'Small'),(2326,10401,6,6,'S32_4289',13,214,4819,'Medium'),(2327,10416,7,20,'S32_4289',71,199,1592,'Small'),(2328,10108,16,27,'S32_4485',67,99,3670,'Medium'),(2329,10121,3,2,'S32_4485',2,2,2169,'Small'),(2330,10135,17,3,'S32_4485',40,101,2694,'Small'),(2331,10145,4,3,'S32_4485',4,4,3251,'Medium'),(2332,10159,12,3,'S32_4485',5,5,2347,'Small'),(2333,10169,12,12,'S32_4485',43,103,3921,'Medium'),(2334,10180,7,2,'S32_4485',7,7,2515,'Small'),(2335,10190,4,14,'S32_4485',24,241,3600,'Medium'),(2336,10211,12,2,'S32_4485',10,10,4040,'Medium'),(2337,10224,5,2,'S32_4485',7,134,3337,'Medium'),(2338,10237,5,1,'S32_4485',12,12,3114,'Medium'),(2339,10252,9,2,'S32_4485',10,225,2832,'Small'),(2340,10264,7,8,'S32_4485',59,231,3331,'Medium'),(2341,10276,13,8,'S32_4485',72,111,4305,'Medium'),(2342,10285,4,8,'S32_4485',16,16,2600,'Small'),(2343,10299,7,9,'S32_4485',17,17,4382,'Medium'),(2344,10309,3,4,'S32_4485',18,18,4235,'Medium'),(2345,10319,8,1,'S32_4485',80,115,2627,'Small'),(2346,10331,4,10,'S32_4485',46,160,5027,'Medium'),(2347,10341,4,11,'S32_4485',20,21,2202,'Small'),(2348,10355,5,14,'S32_4485',24,229,4327,'Medium'),(2349,10365,3,8,'S32_4485',51,162,3425,'Medium'),(2350,10375,15,2,'S32_4485',15,23,4702,'Medium'),(2351,10390,12,3,'S32_4485',40,163,2204,'Small'),(2352,10403,5,13,'S32_4485',23,25,5189,'Medium'),(2353,10106,6,20,'S50_1341',87,187,1566,'Small'),(2354,10120,12,5,'S50_1341',11,55,2480,'Small'),(2355,10133,7,14,'S50_1341',24,210,1355,'Small'),(2356,10143,1,8,'S50_1341',51,66,1246,'Small'),(2357,10156,1,14,'S50_1341',24,250,820,'Small'),(2358,10168,13,3,'S50_1341',6,6,2493,'Small'),(2359,10199,1,3,'S50_1341',33,9,1114,'Small'),(2360,10210,11,23,'S50_1341',45,56,1764,'Small'),(2361,10223,13,5,'S50_1341',11,11,1897,'Small'),(2362,10235,7,18,'S50_1341',58,211,1449,'Small'),(2363,10250,8,3,'S50_1341',62,190,1869,'Small'),(2364,10262,3,14,'S50_1341',24,191,1861,'Small'),(2365,10275,13,2,'S50_1341',15,15,1725,'Small'),(2366,10284,5,4,'S50_1341',86,192,1714,'Small'),(2367,10296,1,28,'S50_1341',90,193,1259,'Small'),(2368,10308,11,1,'S50_1341',48,18,2051,'Small'),(2369,10316,3,26,'S50_1341',60,80,1617,'Small'),(2370,10328,7,20,'S50_1341',87,234,1766,'Small'),(2371,10340,4,14,'S50_1341',54,21,2025,'Small'),(2372,10353,8,7,'S50_1341',89,213,3288,'Medium'),(2373,10361,3,12,'S50_1341',21,22,2725,'Small'),(2374,10375,5,2,'S50_1341',15,23,3224,'Medium'),(2375,10388,1,8,'S50_1341',22,24,3211,'Medium'),(2376,10398,5,2,'S50_1341',2,198,1796,'Small'),(2377,10401,7,6,'S50_1341',13,214,1980,'Small'),(2378,10416,8,20,'S50_1341',71,199,1921,'Small'),(2379,10104,7,14,'S50_1392',24,135,3705,'Medium'),(2380,10115,3,1,'S50_1392',28,144,2844,'Small'),(2381,10127,9,1,'S50_1392',75,119,6176,'Medium'),(2382,10141,3,9,'S50_1392',74,145,5500,'Medium'),(2383,10151,1,9,'S50_1392',61,146,3220,'Medium'),(2384,10165,10,16,'S50_1392',27,122,4556,'Medium'),(2385,10176,9,20,'S50_1392',71,33,3115,'Medium'),(2386,10184,4,14,'S50_1392',82,70,4948,'Medium'),(2387,10195,4,1,'S50_1392',48,35,5161,'Medium'),(2388,10207,5,8,'S50_1392',65,92,2658,'Small'),(2389,10220,9,30,'S50_1392',76,124,3983,'Medium'),(2390,10230,7,28,'S50_1392',73,136,3975,'Medium'),(2391,10246,3,14,'S50_1392',24,126,2928,'Small'),(2392,10259,2,16,'S50_1392',66,40,3055,'Medium'),(2393,10271,3,3,'S50_1392',40,127,3345,'Medium'),(2394,10282,12,3,'S50_1392',40,77,4311,'Medium'),(2395,10292,6,1,'S50_1392',1,43,4983,'Medium'),(2396,10305,3,8,'S50_1392',16,96,4618,'Medium'),(2397,10314,12,24,'S50_1392',79,97,3403,'Medium'),(2398,10325,4,4,'S50_1392',18,81,5190,'Medium'),(2399,10336,8,2,'S50_1392',63,129,3142,'Medium'),(2400,10350,8,14,'S50_1392',24,83,2213,'Small'),(2401,10359,2,2,'S50_1392',2,84,4897,'Medium'),(2402,10371,10,3,'S50_1392',40,130,2714,'Small'),(2403,10383,13,14,'S50_1392',24,206,3087,'Medium'),(2404,10395,4,2,'S50_1392',3,87,5693,'Medium'),(2405,10412,3,14,'S50_1392',24,148,3461,'Medium'),(2406,10425,2,2,'S50_1392',15,54,1896,'Small'),(2407,10104,2,14,'S50_1514',24,135,1706,'Small'),(2408,10117,11,16,'S50_1514',27,118,1033,'Small'),(2409,10127,4,1,'S50_1514',75,119,3180,'Medium'),(2410,10142,14,3,'S50_1514',40,120,2091,'Small'),(2411,10153,13,14,'S50_1514',24,121,1780,'Small'),(2412,10165,5,16,'S50_1514',27,122,2538,'Small'),(2413,10176,4,20,'S50_1514',71,33,2449,'Small'),(2414,10185,15,8,'S50_1514',51,70,972,'Small'),(2415,10196,7,7,'S50_1514',35,71,2856,'Small'),(2416,10208,15,2,'S50_1514',31,123,1968,'Small'),(2417,10220,4,30,'S50_1514',76,124,2056,'Small'),(2418,10230,2,28,'S50_1514',73,136,2242,'Small'),(2419,10247,4,9,'S50_1514',74,126,3129,'Medium'),(2420,10272,4,10,'S50_1514',19,127,2443,'Small'),(2421,10282,7,3,'S50_1514',40,77,2471,'Small'),(2422,10292,1,1,'S50_1514',1,43,1927,'Small'),(2423,10306,15,13,'S50_1514',78,79,2052,'Small'),(2424,10314,7,24,'S50_1514',79,97,2337,'Small'),(2425,10325,7,4,'S50_1514',18,81,5933,'Medium'),(2426,10337,6,1,'S50_1514',28,82,2297,'Small'),(2427,10350,17,14,'S50_1514',24,83,6491,'Medium'),(2428,10359,4,2,'S50_1514',2,84,1623,'Small'),(2429,10372,9,19,'S50_1514',36,137,1406,'Small'),(2430,10383,10,14,'S50_1514',24,206,2282,'Small'),(2431,10395,3,2,'S50_1514',3,87,8977,'Large'),(2432,10413,4,7,'S50_1514',14,131,3256,'Medium'),(2433,10108,14,27,'S50_4713',67,99,2822,'Small'),(2434,10121,1,2,'S50_4713',2,2,3293,'Medium'),(2435,10135,15,3,'S50_4713',40,101,4224,'Medium'),(2436,10145,2,3,'S50_4713',4,4,3092,'Medium'),(2437,10159,10,3,'S50_4713',5,5,2220,'Small'),(2438,10169,10,12,'S50_4713',43,103,3866,'Medium'),(2439,10180,5,2,'S50_4713',7,7,1965,'Small'),(2440,10190,2,14,'S50_4713',24,241,2669,'Small'),(2441,10211,10,2,'S50_4713',10,10,3222,'Medium'),(2442,10224,3,2,'S50_4713',7,134,3865,'Medium'),(2443,10237,3,1,'S50_4713',12,12,1367,'Small'),(2444,10252,7,2,'S50_4713',10,225,3476,'Medium'),(2445,10264,5,8,'S50_4713',59,231,4207,'Medium'),(2446,10276,11,8,'S50_4713',72,111,1486,'Small'),(2447,10285,2,8,'S50_4713',16,16,3078,'Medium'),(2448,10299,5,9,'S50_4713',17,17,3544,'Medium'),(2449,10309,1,4,'S50_4713',18,18,2483,'Small'),(2450,10319,6,1,'S50_4713',80,115,3478,'Medium'),(2451,10331,5,10,'S50_4713',46,160,3658,'Medium'),(2452,10341,3,11,'S50_4713',20,21,4682,'Medium'),(2453,10356,4,2,'S50_4713',3,161,3938,'Medium'),(2454,10365,2,8,'S50_4713',51,162,4984,'Medium'),(2455,10375,8,2,'S50_4713',15,23,5407,'Medium'),(2456,10390,13,3,'S50_4713',40,163,3491,'Medium'),(2457,10403,3,13,'S50_4713',23,25,2119,'Small'),(2458,10105,5,24,'S700_1138',49,63,2897,'Small'),(2459,10119,14,11,'S700_1138',20,64,1917,'Small'),(2460,10129,5,13,'S700_1138',50,65,1860,'Small'),(2461,10142,2,3,'S700_1138',40,120,2624,'Small'),(2462,10153,1,14,'S700_1138',24,121,2781,'Small'),(2463,10167,12,15,'S700_1138',38,68,3240,'Medium'),(2464,10177,3,14,'S700_1138',77,220,1824,'Small'),(2465,10185,3,8,'S700_1138',51,70,1134,'Small'),(2466,10197,9,14,'S700_1138',54,71,1487,'Small'),(2467,10208,3,2,'S700_1138',31,123,2837,'Small'),(2468,10222,15,3,'S700_1138',56,73,1943,'Small'),(2469,10233,3,6,'S700_1138',13,244,2544,'Small'),(2470,10248,6,1,'S700_1138',1,74,2568,'Small'),(2471,10261,4,22,'S700_1138',44,75,2108,'Small'),(2472,10273,7,25,'S700_1138',57,76,1372,'Small'),(2473,10283,9,18,'S700_1138',58,77,3540,'Medium'),(2474,10295,4,8,'S700_1138',59,78,1959,'Small'),(2475,10306,3,13,'S700_1138',78,79,2700,'Small'),(2476,10315,2,2,'S700_1138',15,238,2542,'Small'),(2477,10326,1,15,'S700_1138',25,224,2340,'Small'),(2478,10339,5,19,'S700_1138',36,59,2816,'Small'),(2479,10350,11,14,'S700_1138',24,83,3527,'Medium'),(2480,10373,14,9,'S700_1138',61,85,4628,'Medium'),(2481,10385,1,3,'S700_1138',40,245,1934,'Small'),(2482,10396,1,3,'S700_1138',40,142,2600,'Small'),(2483,10414,6,8,'S700_1138',59,89,2640,'Small'),(2484,10106,7,20,'S700_1691',87,187,3313,'Medium'),(2485,10120,13,5,'S700_1691',11,55,3864,'Medium'),(2486,10133,8,14,'S700_1691',24,210,1863,'Small'),(2487,10143,2,8,'S700_1691',51,66,3946,'Medium'),(2488,10156,2,14,'S700_1691',24,250,4954,'Medium'),(2489,10168,14,3,'S700_1691',6,6,2762,'Small'),(2490,10199,2,3,'S700_1691',33,9,3990,'Medium'),(2491,10210,12,23,'S700_1691',45,56,1650,'Small'),(2492,10223,14,5,'S700_1691',11,11,2535,'Small'),(2493,10235,8,18,'S700_1691',58,211,2580,'Small'),(2494,10250,9,3,'S700_1691',62,190,2832,'Small'),(2495,10262,4,14,'S700_1691',24,191,3361,'Medium'),(2496,10275,14,2,'S700_1691',15,15,2864,'Small'),(2497,10284,6,4,'S700_1691',86,192,1995,'Small'),(2498,10296,2,28,'S700_1691',90,193,4297,'Medium'),(2499,10308,12,1,'S700_1691',48,18,2225,'Small'),(2500,10316,4,26,'S700_1691',60,80,2795,'Small'),(2501,10328,8,20,'S700_1691',87,234,2762,'Small'),(2502,10340,5,14,'S700_1691',54,21,2658,'Small'),(2503,10353,9,7,'S700_1691',89,213,5044,'Medium'),(2504,10361,4,12,'S700_1691',21,22,1211,'Small'),(2505,10375,6,2,'S700_1691',15,23,3029,'Medium'),(2506,10388,2,8,'S700_1691',22,24,10067,'Large'),(2507,10398,6,2,'S700_1691',2,198,4121,'Medium'),(2508,10401,8,6,'S700_1691',13,214,1135,'Small'),(2509,10416,9,20,'S700_1691',71,199,2101,'Small'),(2510,10105,12,24,'S700_1938',49,63,2034,'Small'),(2511,10117,6,16,'S700_1938',27,118,3028,'Medium'),(2512,10128,3,14,'S700_1938',24,219,3104,'Medium'),(2513,10142,9,3,'S700_1938',40,120,3612,'Medium'),(2514,10153,8,14,'S700_1938',24,121,2712,'Small'),(2515,10166,3,8,'S700_1938',22,91,3014,'Medium'),(2516,10177,10,14,'S700_1938',77,220,2739,'Small'),(2517,10185,10,8,'S700_1938',51,70,2832,'Small'),(2518,10196,2,7,'S700_1938',35,71,4720,'Medium'),(2519,10208,10,2,'S700_1938',31,123,3222,'Medium'),(2520,10221,4,25,'S700_1938',57,221,2231,'Small'),(2521,10232,7,26,'S700_1938',60,222,2297,'Small'),(2522,10248,13,1,'S700_1938',1,74,4157,'Medium'),(2523,10273,14,25,'S700_1938',57,76,2146,'Small'),(2524,10282,2,3,'S700_1938',40,77,3724,'Medium'),(2525,10293,5,20,'S700_1938',37,128,2085,'Small'),(2526,10306,10,13,'S700_1938',78,79,3489,'Medium'),(2527,10314,2,24,'S700_1938',79,97,1753,'Small'),(2528,10327,7,24,'S700_1938',49,194,3469,'Medium'),(2529,10337,9,1,'S700_1938',28,82,2531,'Small'),(2530,10350,4,14,'S700_1938',24,83,2924,'Small'),(2531,10372,2,19,'S700_1938',36,137,4497,'Medium'),(2532,10384,1,3,'S700_1938',5,86,6397,'Medium'),(2533,10397,5,2,'S700_1938',52,251,2578,'Small'),(2534,10414,13,8,'S700_1938',59,89,3534,'Medium'),(2535,10106,16,20,'S700_2047',87,187,3177,'Medium'),(2536,10119,7,11,'S700_2047',20,64,2730,'Small'),(2537,10131,8,7,'S700_2047',89,188,1892,'Small'),(2538,10143,11,8,'S700_2047',51,66,2612,'Small'),(2539,10155,9,9,'S700_2047',17,67,2926,'Small'),(2540,10167,5,15,'S700_2047',38,68,2940,'Small'),(2541,10178,8,2,'S700_2047',52,69,3293,'Medium'),(2542,10186,5,13,'S700_2047',53,70,2390,'Small'),(2543,10197,2,14,'S700_2047',54,71,2172,'Small'),(2544,10209,4,3,'S700_2047',55,72,2927,'Small'),(2545,10222,8,3,'S700_2047',56,73,2660,'Small'),(2546,10249,4,8,'S700_2047',34,233,3838,'Medium'),(2547,10262,13,14,'S700_2047',24,191,4142,'Medium'),(2548,10274,5,8,'S700_2047',42,76,2172,'Small'),(2549,10283,2,18,'S700_2047',58,77,1883,'Small'),(2550,10296,11,28,'S700_2047',90,193,3478,'Medium'),(2551,10307,5,10,'S700_2047',30,79,3324,'Medium'),(2552,10316,13,26,'S700_2047',60,80,4196,'Medium'),(2553,10328,9,20,'S700_2047',87,234,4157,'Medium'),(2554,10339,15,19,'S700_2047',36,59,3919,'Medium'),(2555,10352,3,8,'S700_2047',92,196,2353,'Small'),(2556,10361,14,12,'S700_2047',21,22,1089,'Small'),(2557,10373,15,9,'S700_2047',61,85,2701,'Small'),(2558,10386,13,14,'S700_2047',24,197,2487,'Small'),(2559,10398,7,2,'S700_2047',2,198,3910,'Medium'),(2560,10400,5,3,'S700_2047',62,88,4039,'Medium'),(2561,10415,4,5,'S700_2047',88,235,3070,'Medium'),(2562,10106,9,20,'S700_2466',87,187,3763,'Medium'),(2563,10120,15,5,'S700_2466',11,55,2585,'Small'),(2564,10131,1,7,'S700_2466',89,188,4428,'Medium'),(2565,10143,4,8,'S700_2466',51,66,2152,'Small'),(2566,10155,2,9,'S700_2466',17,67,2353,'Small'),(2567,10168,16,3,'S700_2466',6,6,3431,'Medium'),(2568,10178,1,2,'S700_2466',52,69,1931,'Small'),(2569,10198,1,27,'S700_2466',67,189,4775,'Medium'),(2570,10210,14,23,'S700_2466',45,56,2593,'Small'),(2571,10222,1,3,'S700_2466',56,73,3247,'Medium'),(2572,10235,10,18,'S700_2466',58,211,3373,'Medium'),(2573,10250,11,3,'S700_2466',62,190,3909,'Medium'),(2574,10262,6,14,'S700_2466',24,191,2995,'Small'),(2575,10275,16,2,'S700_2466',15,15,4473,'Medium'),(2576,10284,8,4,'S700_2466',86,192,4577,'Medium'),(2577,10296,4,28,'S700_2466',90,193,2441,'Small'),(2578,10308,14,1,'S700_2466',48,18,3106,'Medium'),(2579,10316,6,26,'S700_2466',60,80,2706,'Small'),(2580,10328,10,20,'S700_2466',87,234,4022,'Medium'),(2581,10340,7,14,'S700_2466',54,21,4826,'Medium'),(2582,10352,2,8,'S700_2466',92,196,4935,'Medium'),(2583,10361,9,12,'S700_2466',21,22,2755,'Small'),(2584,10375,1,2,'S700_2466',15,23,3857,'Medium'),(2585,10386,14,14,'S700_2466',24,197,3102,'Medium'),(2586,10398,8,2,'S700_2466',2,198,1909,'Small'),(2587,10401,10,6,'S700_2466',13,214,7544,'Large'),(2588,10416,11,20,'S700_2466',71,199,2457,'Small'),(2589,10105,3,24,'S700_2610',49,63,2039,'Small'),(2590,10119,12,11,'S700_2610',20,64,2499,'Small'),(2591,10129,3,13,'S700_2610',50,65,3838,'Medium'),(2592,10143,16,8,'S700_2610',51,66,2644,'Small'),(2593,10154,1,3,'S700_2610',81,243,2316,'Small'),(2594,10167,10,15,'S700_2610',38,68,3225,'Medium'),(2595,10177,1,14,'S700_2610',77,220,2452,'Small'),(2596,10185,1,8,'S700_2610',51,70,2255,'Small'),(2597,10197,7,14,'S700_2610',54,71,3940,'Medium'),(2598,10208,1,2,'S700_2610',31,123,3425,'Medium'),(2599,10222,13,3,'S700_2610',56,73,2914,'Small'),(2600,10233,1,6,'S700_2610',13,244,2390,'Small'),(2601,10248,4,1,'S700_2610',1,74,2428,'Small'),(2602,10261,2,22,'S700_2610',44,75,3021,'Medium'),(2603,10273,5,25,'S700_2610',57,76,2611,'Small'),(2604,10283,7,18,'S700_2610',58,77,3091,'Medium'),(2605,10295,2,8,'S700_2610',59,78,2576,'Small'),(2606,10306,1,13,'S700_2610',78,79,3232,'Medium'),(2607,10316,18,26,'S700_2610',60,80,3574,'Medium'),(2608,10327,1,24,'S700_2610',49,194,2023,'Small'),(2609,10339,9,19,'S700_2610',36,59,3718,'Medium'),(2610,10350,12,14,'S700_2610',24,83,2185,'Small'),(2611,10373,16,9,'S700_2610',61,85,2884,'Small'),(2612,10386,10,14,'S700_2610',24,197,5018,'Medium'),(2613,10397,4,2,'S700_2610',52,251,1463,'Small'),(2614,10414,4,8,'S700_2610',59,89,2353,'Small'),(2615,10103,6,4,'S700_2824',18,27,4461,'Medium'),(2616,10114,10,2,'S700_2824',63,90,4758,'Medium'),(2617,10126,6,14,'S700_2824',26,29,4597,'Medium'),(2618,10140,6,3,'S700_2824',6,30,4115,'Medium'),(2619,10150,3,16,'S700_2824',27,31,2104,'Small'),(2620,10164,4,11,'S700_2824',64,91,3195,'Medium'),(2621,10175,11,13,'S700_2824',50,33,3611,'Medium'),(2622,10183,3,10,'S700_2824',30,34,2001,'Small'),(2623,10194,6,2,'S700_2824',31,35,2314,'Small'),(2624,10206,1,18,'S700_2824',32,36,3872,'Medium'),(2625,10217,6,16,'S700_2824',66,93,2728,'Small'),(2626,10229,11,3,'S700_2824',40,94,5614,'Medium'),(2627,10245,4,7,'S700_2824',35,39,4629,'Medium'),(2628,10258,1,19,'S700_2824',36,40,3641,'Medium'),(2629,10270,4,12,'S700_2824',21,41,4048,'Medium'),(2630,10281,11,10,'S700_2824',19,95,2321,'Small'),(2631,10291,6,15,'S700_2824',38,43,3257,'Medium'),(2632,10304,1,2,'S700_2824',39,44,4208,'Medium'),(2633,10313,9,18,'S700_2824',32,97,2974,'Small'),(2634,10324,5,1,'S700_2824',12,81,4248,'Medium'),(2635,10336,2,2,'S700_2824',63,129,9559,'Large'),(2636,10348,7,14,'S700_2824',26,80,2651,'Small'),(2637,10358,3,14,'S700_2824',24,49,3761,'Medium'),(2638,10371,3,3,'S700_2824',40,130,4301,'Medium'),(2639,10382,9,3,'S700_2824',40,51,1865,'Small'),(2640,10411,4,22,'S700_2824',44,53,3577,'Medium'),(2641,10424,1,14,'S700_2824',24,54,3722,'Medium'),(2642,10106,1,20,'S700_2834',87,187,3987,'Medium'),(2643,10120,7,5,'S700_2834',11,55,3417,'Medium'),(2644,10133,2,14,'S700_2834',24,210,2691,'Small'),(2645,10145,13,3,'S700_2834',4,4,2753,'Small'),(2646,10168,8,3,'S700_2834',6,6,4528,'Medium'),(2647,10188,8,4,'S700_2834',8,8,3957,'Medium'),(2648,10210,6,23,'S700_2834',45,56,2818,'Small'),(2649,10223,8,5,'S700_2834',11,11,3200,'Medium'),(2650,10235,2,18,'S700_2834',58,211,2403,'Small'),(2651,10250,3,3,'S700_2834',62,190,6056,'Medium'),(2652,10263,9,7,'S700_2834',14,14,5465,'Medium'),(2653,10275,8,2,'S700_2834',15,15,6379,'Medium'),(2654,10285,13,8,'S700_2834',16,16,5393,'Medium'),(2655,10297,3,30,'S700_2834',76,212,3987,'Medium'),(2656,10308,6,1,'S700_2834',48,18,4009,'Medium'),(2657,10318,8,10,'S700_2834',19,19,7119,'Large'),(2658,10328,11,20,'S700_2834',87,234,4072,'Medium'),(2659,10340,6,14,'S700_2834',54,21,4095,'Medium'),(2660,10353,4,7,'S700_2834',89,213,3302,'Medium'),(2661,10361,5,12,'S700_2834',21,22,3186,'Medium'),(2662,10375,10,2,'S700_2834',15,23,1668,'Small'),(2663,10388,3,8,'S700_2834',22,24,7155,'Large'),(2664,10398,9,2,'S700_2834',2,198,2811,'Small'),(2665,10401,2,6,'S700_2834',13,214,2018,'Small'),(2666,10416,3,20,'S700_2834',71,199,5643,'Medium'),(2667,10106,8,20,'S700_3167',87,187,3274,'Medium'),(2668,10120,14,5,'S700_3167',11,55,3268,'Medium'),(2669,10143,3,8,'S700_3167',51,66,2688,'Small'),(2670,10155,1,9,'S700_3167',17,67,3715,'Medium'),(2671,10168,15,3,'S700_3167',6,6,4608,'Medium'),(2672,10199,3,3,'S700_3167',33,9,3131,'Medium'),(2673,10210,13,23,'S700_3167',45,56,2678,'Small'),(2674,10223,15,5,'S700_3167',11,11,1747,'Small'),(2675,10235,9,18,'S700_3167',58,211,2944,'Small'),(2676,10250,10,3,'S700_3167',62,190,2957,'Small'),(2677,10262,5,14,'S700_3167',24,191,2052,'Small'),(2678,10275,15,2,'S700_3167',15,15,3165,'Medium'),(2679,10284,7,4,'S700_3167',86,192,1740,'Small'),(2680,10296,3,28,'S700_3167',90,193,1778,'Small'),(2681,10308,13,1,'S700_3167',48,18,1831,'Small'),(2682,10316,5,26,'S700_3167',60,80,3610,'Medium'),(2683,10328,13,20,'S700_3167',87,234,2112,'Small'),(2684,10341,5,11,'S700_3167',20,21,3644,'Medium'),(2685,10353,6,7,'S700_3167',89,213,3524,'Medium'),(2686,10361,10,12,'S700_3167',21,22,5002,'Medium'),(2687,10375,11,2,'S700_3167',15,23,5209,'Medium'),(2688,10386,17,14,'S700_3167',24,197,3019,'Medium'),(2689,10398,10,2,'S700_3167',2,198,1902,'Small'),(2690,10401,9,6,'S700_3167',13,214,7084,'Large'),(2691,10416,10,20,'S700_3167',71,199,2621,'Small'),(2692,10105,6,24,'S700_3505',49,63,3164,'Medium'),(2693,10118,1,14,'S700_3505',54,252,4219,'Medium'),(2694,10129,6,13,'S700_3505',50,65,3828,'Medium'),(2695,10142,3,3,'S700_3505',40,120,2335,'Small'),(2696,10153,2,14,'S700_3505',24,121,4408,'Medium'),(2697,10167,13,15,'S700_3505',38,68,2813,'Small'),(2698,10177,4,14,'S700_3505',77,220,4055,'Medium'),(2699,10185,4,8,'S700_3505',51,70,3892,'Medium'),(2700,10197,10,14,'S700_3505',54,71,2488,'Small'),(2701,10208,4,2,'S700_3505',31,123,4447,'Medium'),(2702,10222,16,3,'S700_3505',56,73,4187,'Medium'),(2703,10232,1,26,'S700_3505',60,222,4616,'Medium'),(2704,10248,7,1,'S700_3505',1,74,3245,'Medium'),(2705,10261,5,22,'S700_3505',44,75,2204,'Small'),(2706,10273,8,25,'S700_3505',57,76,3446,'Medium'),(2707,10283,10,18,'S700_3505',58,77,1939,'Small'),(2708,10295,5,8,'S700_3505',59,78,3474,'Medium'),(2709,10306,4,13,'S700_3505',78,79,2885,'Small'),(2710,10315,3,2,'S700_3505',15,238,2671,'Small'),(2711,10327,2,24,'S700_3505',49,194,3440,'Medium'),(2712,10337,1,1,'S700_3505',28,82,2771,'Small'),(2713,10350,13,14,'S700_3505',24,83,2398,'Small'),(2714,10373,2,9,'S700_3505',61,85,3276,'Medium'),(2715,10386,2,14,'S700_3505',24,197,4144,'Medium'),(2716,10397,3,2,'S700_3505',52,251,5193,'Medium'),(2717,10414,7,8,'S700_3505',59,89,3029,'Medium'),(2718,10105,7,24,'S700_3962',49,63,2556,'Small'),(2719,10117,1,16,'S700_3962',27,118,3754,'Medium'),(2720,10129,7,13,'S700_3962',50,65,2562,'Small'),(2721,10142,4,3,'S700_3962',40,120,3246,'Medium'),(2722,10153,3,14,'S700_3962',24,121,2205,'Small'),(2723,10167,14,15,'S700_3962',38,68,3003,'Medium'),(2724,10177,5,14,'S700_3962',77,220,2526,'Small'),(2725,10185,5,8,'S700_3962',51,70,1748,'Small'),(2726,10197,11,14,'S700_3962',54,71,3267,'Medium'),(2727,10208,5,2,'S700_3962',31,123,2819,'Small'),(2728,10222,17,3,'S700_3962',56,73,2956,'Small'),(2729,10232,2,26,'S700_3962',60,222,2885,'Small'),(2730,10248,8,1,'S700_3962',1,74,3163,'Medium'),(2731,10261,6,22,'S700_3962',44,75,4072,'Medium'),(2732,10273,9,25,'S700_3962',57,76,2969,'Small'),(2733,10283,11,18,'S700_3962',58,77,3396,'Medium'),(2734,10294,1,8,'S700_3962',72,78,4693,'Medium'),(2735,10306,5,13,'S700_3962',78,79,3516,'Medium'),(2736,10315,4,2,'S700_3962',15,238,3381,'Medium'),(2737,10327,3,24,'S700_3962',49,194,3205,'Medium'),(2738,10337,7,1,'S700_3962',28,82,2588,'Small'),(2739,10350,16,14,'S700_3962',24,83,2855,'Small'),(2740,10373,8,9,'S700_3962',61,85,4026,'Medium'),(2741,10386,3,14,'S700_3962',24,197,2864,'Small'),(2742,10397,2,2,'S700_3962',52,251,3790,'Medium'),(2743,10414,8,8,'S700_3962',59,89,2440,'Small'),(2744,10106,10,20,'S700_4002',87,187,2949,'Small'),(2745,10119,1,11,'S700_4002',20,64,1540,'Small'),(2746,10131,2,7,'S700_4002',89,188,2213,'Small'),(2747,10143,5,8,'S700_4002',51,66,2920,'Small'),(2748,10155,3,9,'S700_4002',17,67,3778,'Medium'),(2749,10168,17,3,'S700_4002',6,6,3233,'Medium'),(2750,10178,2,2,'S700_4002',52,69,3431,'Medium'),(2751,10198,2,27,'S700_4002',67,189,2547,'Small'),(2752,10210,15,23,'S700_4002',45,56,2954,'Small'),(2753,10222,2,3,'S700_4002',56,73,3183,'Medium'),(2754,10235,11,18,'S700_4002',58,211,2467,'Small'),(2755,10250,12,3,'S700_4002',62,190,2363,'Small'),(2756,10262,7,14,'S700_4002',24,191,2487,'Small'),(2757,10275,17,2,'S700_4002',15,15,2249,'Small'),(2758,10284,9,4,'S700_4002',86,192,2061,'Small'),(2759,10296,5,28,'S700_4002',90,193,4071,'Medium'),(2760,10308,15,1,'S700_4002',48,18,2656,'Small'),(2761,10316,7,26,'S700_4002',60,80,2736,'Small'),(2762,10328,12,20,'S700_4002',87,234,3349,'Medium'),(2763,10339,8,19,'S700_4002',36,59,2893,'Small'),(2764,10352,1,8,'S700_4002',92,196,1661,'Small'),(2765,10361,11,12,'S700_4002',21,22,4277,'Medium'),(2766,10373,17,9,'S700_4002',61,85,2503,'Small'),(2767,10386,15,14,'S700_4002',24,197,3802,'Medium'),(2768,10398,12,2,'S700_4002',2,198,3145,'Medium'),(2769,10401,11,6,'S700_4002',13,214,2031,'Small'),(2770,10416,12,20,'S700_4002',71,199,2674,'Small'),(2771,10106,15,20,'S72_1253',87,187,2527,'Small'),(2772,10119,6,11,'S72_1253',20,64,1349,'Small'),(2773,10131,7,7,'S72_1253',89,188,876,'Small'),(2774,10143,10,8,'S72_1253',51,66,1874,'Small'),(2775,10155,8,9,'S72_1253',17,67,1671,'Small'),(2776,10167,4,15,'S72_1253',38,68,1668,'Small'),(2777,10178,7,2,'S72_1253',52,69,2302,'Small'),(2778,10186,4,13,'S72_1253',53,70,1460,'Small'),(2779,10197,1,14,'S72_1253',54,71,1210,'Small'),(2780,10209,3,3,'S72_1253',55,72,2145,'Small'),(2781,10222,7,3,'S72_1253',56,73,1416,'Small'),(2782,10249,3,8,'S72_1253',34,233,1844,'Small'),(2783,10262,12,14,'S72_1253',24,191,1199,'Small'),(2784,10274,4,8,'S72_1253',42,76,1875,'Small'),(2785,10283,1,18,'S72_1253',58,77,2477,'Small'),(2786,10296,10,28,'S72_1253',90,193,949,'Small'),(2787,10307,4,10,'S72_1253',30,79,1823,'Small'),(2788,10316,12,26,'S72_1253',60,80,1486,'Small'),(2789,10329,8,1,'S72_1253',1,20,3790,'Medium'),(2790,10339,6,19,'S72_1253',36,59,2060,'Small'),(2791,10352,4,8,'S72_1253',92,196,2579,'Small'),(2792,10361,12,12,'S72_1253',21,22,2190,'Small'),(2793,10373,9,9,'S72_1253',61,85,1624,'Small'),(2794,10386,16,14,'S72_1253',24,197,4358,'Medium'),(2795,10398,1,2,'S72_1253',2,198,1367,'Small'),(2796,10400,4,3,'S72_1253',62,88,1122,'Small'),(2797,10415,3,5,'S72_1253',88,235,2420,'Small'),(2798,10105,8,24,'S72_3212',49,63,1420,'Small'),(2799,10117,2,16,'S72_3212',27,118,2184,'Small'),(2800,10129,8,13,'S72_3212',50,65,2079,'Small'),(2801,10142,5,3,'S72_3212',40,120,1725,'Small'),(2802,10153,4,14,'S72_3212',24,121,3003,'Medium'),(2803,10167,15,15,'S72_3212',38,68,1846,'Small'),(2804,10177,6,14,'S72_3212',77,220,2009,'Small'),(2805,10185,6,8,'S72_3212',51,70,1804,'Small'),(2806,10197,12,14,'S72_3212',54,71,2110,'Small'),(2807,10208,6,2,'S72_3212',31,123,2683,'Small'),(2808,10222,18,3,'S72_3212',56,73,2280,'Small'),(2809,10232,3,26,'S72_3212',60,222,1193,'Small'),(2810,10248,9,1,'S72_3212',1,74,1507,'Small'),(2811,10261,7,22,'S72_3212',44,75,1473,'Small'),(2812,10273,10,25,'S72_3212',57,76,1697,'Small'),(2813,10283,12,18,'S72_3212',58,77,1694,'Small'),(2814,10293,1,20,'S72_3212',37,128,1922,'Small'),(2815,10306,6,13,'S72_3212',78,79,2083,'Small'),(2816,10315,5,2,'S72_3212',15,238,2228,'Small'),(2817,10327,4,24,'S72_3212',49,194,3209,'Medium'),(2818,10337,5,1,'S72_3212',28,82,4081,'Medium'),(2819,10350,15,14,'S72_3212',24,83,2244,'Small'),(2820,10373,1,9,'S72_3212',61,85,3979,'Medium'),(2821,10386,4,14,'S72_3212',24,197,5418,'Medium'),(2822,10397,1,2,'S72_3212',52,251,2116,'Small'),(2823,10414,9,8,'S72_3212',59,89,3079,'Medium');
/*!40000 ALTER TABLE `sales` ENABLE KEYS */;
UNLOCK TABLES;

--
-- Table structure for table `state`
--

DROP TABLE IF EXISTS `state`;
/*!40101 SET @saved_cs_client     = @@character_set_client */;
/*!50503 SET character_set_client = utf8mb4 */;
CREATE TABLE `state` (
  `StateID` int(11) NOT NULL AUTO_INCREMENT,
  `Name` varchar(45) NOT NULL,
  `CountryID` int(11) NOT NULL,
  PRIMARY KEY (`StateID`),
  KEY `fk_State_Country` (`CountryID`),
  CONSTRAINT `fk_State_Country` FOREIGN KEY (`CountryID`) REFERENCES `country` (`CountryID`)
) ENGINE=InnoDB AUTO_INCREMENT=32 DEFAULT CHARSET=utf8mb4 COLLATE=utf8mb4_0900_ai_ci;
/*!40101 SET character_set_client = @saved_cs_client */;

--
-- Dumping data for table `state`
--

LOCK TABLES `state` WRITE;
/*!40000 ALTER TABLE `state` DISABLE KEYS */;
INSERT INTO `state` VALUES (1,'NY',1),(2,'N/A',2),(3,'CA',1),(4,'N/A',3),(5,'Victoria',4),(6,'NJ',1),(7,'CT',1),(8,'MA',1),(9,'N/A',5),(10,'PA',1),(11,'N/A',6),(12,'NSW',4),(13,'N/A',7),(14,'N/A',8),(15,'N/A',9),(16,'N/A',10),(17,'Queensland',4),(18,'BC',11),(19,'Tokyo',12),(20,'N/A',13),(21,'NH',1),(22,'Quebec',11),(23,'Osaka',12),(24,'N/A',14),(25,'N/A',15),(26,'Isle of Wight',7),(27,'N/A',16),(28,'N/A',17),(29,'N/A',18),(30,'N/A',19),(31,'NV',1);
/*!40000 ALTER TABLE `state` ENABLE KEYS */;
UNLOCK TABLES;

--
-- Table structure for table `territory`
--

DROP TABLE IF EXISTS `territory`;
/*!40101 SET @saved_cs_client     = @@character_set_client */;
/*!50503 SET character_set_client = utf8mb4 */;
CREATE TABLE `territory` (
  `TerritoryID` int(11) NOT NULL AUTO_INCREMENT,
  `Name` varchar(45) NOT NULL,
  PRIMARY KEY (`TerritoryID`),
  UNIQUE KEY `Name_UNIQUE` (`Name`)
) ENGINE=InnoDB AUTO_INCREMENT=4 DEFAULT CHARSET=utf8mb4 COLLATE=utf8mb4_0900_ai_ci;
/*!40101 SET character_set_client = @saved_cs_client */;

--
-- Dumping data for table `territory`
--

LOCK TABLES `territory` WRITE;
/*!40000 ALTER TABLE `territory` DISABLE KEYS */;
INSERT INTO `territory` VALUES (3,'APAC'),(2,'EMEA'),(1,'NA');
/*!40000 ALTER TABLE `territory` ENABLE KEYS */;
UNLOCK TABLES;

--
-- Table structure for table `years`
--

DROP TABLE IF EXISTS `years`;
/*!40101 SET @saved_cs_client     = @@character_set_client */;
/*!50503 SET character_set_client = utf8mb4 */;
CREATE TABLE `years` (
  `YearID` int(11) NOT NULL AUTO_INCREMENT,
  `YearVal` varchar(45) NOT NULL,
  PRIMARY KEY (`YearID`)
) ENGINE=InnoDB AUTO_INCREMENT=4 DEFAULT CHARSET=utf8mb4 COLLATE=utf8mb4_0900_ai_ci;
/*!40101 SET character_set_client = @saved_cs_client */;

--
-- Dumping data for table `years`
--

LOCK TABLES `years` WRITE;
/*!40000 ALTER TABLE `years` DISABLE KEYS */;
INSERT INTO `years` VALUES (1,'2003'),(2,'2004'),(3,'2005');
/*!40000 ALTER TABLE `years` ENABLE KEYS */;
UNLOCK TABLES;
/*!40103 SET TIME_ZONE=@OLD_TIME_ZONE */;

/*!40101 SET SQL_MODE=@OLD_SQL_MODE */;
/*!40014 SET FOREIGN_KEY_CHECKS=@OLD_FOREIGN_KEY_CHECKS */;
/*!40014 SET UNIQUE_CHECKS=@OLD_UNIQUE_CHECKS */;
/*!40101 SET CHARACTER_SET_CLIENT=@OLD_CHARACTER_SET_CLIENT */;
/*!40101 SET CHARACTER_SET_RESULTS=@OLD_CHARACTER_SET_RESULTS */;
/*!40101 SET COLLATION_CONNECTION=@OLD_COLLATION_CONNECTION */;
/*!40111 SET SQL_NOTES=@OLD_SQL_NOTES */;

-- Dump completed on 2020-04-03 22:53:43
